"reportdate","hospital","dphcategory","covidstatus","patientcount"
2020-03-23,"All SF Hospitals","Med/Surg","COVID+",12
2020-03-24,"All SF Hospitals","Med/Surg","COVID+",20
2020-03-25,"All SF Hospitals","Med/Surg","COVID+",22
2020-03-26,"All SF Hospitals","Med/Surg","COVID+",19
2020-03-27,"All SF Hospitals","Med/Surg","COVID+",28
2020-03-28,"All SF Hospitals","Med/Surg","COVID+",27
2020-03-29,"All SF Hospitals","Med/Surg","COVID+",34
2020-03-30,"All SF Hospitals","Med/Surg","COVID+",20
2020-03-31,"All SF Hospitals","Med/Surg","COVID+",36
2020-04-01,"All SF Hospitals","Med/Surg","COVID+",44
2020-04-02,"All SF Hospitals","Med/Surg","COVID+",40
2020-04-03,"All SF Hospitals","Med/Surg","COVID+",33
2020-04-04,"All SF Hospitals","Med/Surg","COVID+",30
2020-04-05,"All SF Hospitals","Med/Surg","COVID+",48
2020-04-06,"All SF Hospitals","Med/Surg","COVID+",57
2020-04-07,"All SF Hospitals","Med/Surg","COVID+",54
2020-04-08,"All SF Hospitals","Med/Surg","COVID+",56
2020-04-09,"All SF Hospitals","Med/Surg","COVID+",54
2020-04-10,"All SF Hospitals","Med/Surg","COVID+",54
2020-04-11,"All SF Hospitals","Med/Surg","COVID+",63
2020-04-12,"All SF Hospitals","Med/Surg","COVID+",59
2020-04-13,"All SF Hospitals","Med/Surg","COVID+",60
2020-04-14,"All SF Hospitals","Med/Surg","COVID+",63
2020-04-15,"All SF Hospitals","Med/Surg","COVID+",61
2020-04-16,"All SF Hospitals","Med/Surg","COVID+",56
2020-04-17,"All SF Hospitals","Med/Surg","COVID+",50
2020-04-18,"All SF Hospitals","Med/Surg","COVID+",51
2020-04-19,"All SF Hospitals","Med/Surg","COVID+",57
2020-04-20,"All SF Hospitals","Med/Surg","COVID+",56
2020-04-21,"All SF Hospitals","Med/Surg","COVID+",53
2020-04-22,"All SF Hospitals","Med/Surg","COVID+",49
2020-04-23,"All SF Hospitals","Med/Surg","COVID+",47
2020-04-24,"All SF Hospitals","Med/Surg","COVID+",48
2020-04-25,"All SF Hospitals","Med/Surg","COVID+",54
2020-04-26,"All SF Hospitals","Med/Surg","COVID+",58
2020-04-27,"All SF Hospitals","Med/Surg","COVID+",61
2020-04-28,"All SF Hospitals","Med/Surg","COVID+",57
2020-04-29,"All SF Hospitals","Med/Surg","COVID+",58
2020-04-30,"All SF Hospitals","Med/Surg","COVID+",58
2020-05-01,"All SF Hospitals","Med/Surg","COVID+",58
2020-05-02,"All SF Hospitals","Med/Surg","COVID+",60
2020-05-03,"All SF Hospitals","Med/Surg","COVID+",60
2020-05-04,"All SF Hospitals","Med/Surg","COVID+",57
2020-05-05,"All SF Hospitals","Med/Surg","COVID+",54
2020-05-06,"All SF Hospitals","Med/Surg","COVID+",48
2020-05-07,"All SF Hospitals","Med/Surg","COVID+",47
2020-05-08,"All SF Hospitals","Med/Surg","COVID+",43
2020-05-09,"All SF Hospitals","Med/Surg","COVID+",47
2020-05-10,"All SF Hospitals","Med/Surg","COVID+",47
2020-05-11,"All SF Hospitals","Med/Surg","COVID+",47
2020-05-12,"All SF Hospitals","Med/Surg","COVID+",40
2020-05-13,"All SF Hospitals","Med/Surg","COVID+",42
2020-05-14,"All SF Hospitals","Med/Surg","COVID+",43
2020-05-15,"All SF Hospitals","Med/Surg","COVID+",31
2020-05-16,"All SF Hospitals","Med/Surg","COVID+",34
2020-05-17,"All SF Hospitals","Med/Surg","COVID+",43
2020-05-18,"All SF Hospitals","Med/Surg","COVID+",41
2020-05-19,"All SF Hospitals","Med/Surg","COVID+",39
2020-05-20,"All SF Hospitals","Med/Surg","COVID+",38
2020-05-21,"All SF Hospitals","Med/Surg","COVID+",37
2020-05-22,"All SF Hospitals","Med/Surg","COVID+",39
2020-05-23,"All SF Hospitals","Med/Surg","COVID+",40
2020-05-24,"All SF Hospitals","Med/Surg","COVID+",31
2020-05-25,"All SF Hospitals","Med/Surg","COVID+",30
2020-05-26,"All SF Hospitals","Med/Surg","COVID+",37
2020-05-27,"All SF Hospitals","Med/Surg","COVID+",34
2020-05-28,"All SF Hospitals","Med/Surg","COVID+",36
2020-05-29,"All SF Hospitals","Med/Surg","COVID+",32
2020-05-30,"All SF Hospitals","Med/Surg","COVID+",30
2020-05-31,"All SF Hospitals","Med/Surg","COVID+",32
2020-06-01,"All SF Hospitals","Med/Surg","COVID+",24
2020-06-02,"All SF Hospitals","Med/Surg","COVID+",20
2020-06-03,"All SF Hospitals","Med/Surg","COVID+",27
2020-06-04,"All SF Hospitals","Med/Surg","COVID+",28
2020-06-05,"All SF Hospitals","Med/Surg","COVID+",23
2020-06-06,"All SF Hospitals","Med/Surg","COVID+",22
2020-06-07,"All SF Hospitals","Med/Surg","COVID+",22
2020-06-08,"All SF Hospitals","Med/Surg","COVID+",24
2020-06-09,"All SF Hospitals","Med/Surg","COVID+",25
2020-06-10,"All SF Hospitals","Med/Surg","COVID+",23
2020-06-11,"All SF Hospitals","Med/Surg","COVID+",27
2020-06-12,"All SF Hospitals","Med/Surg","COVID+",25
2020-06-13,"All SF Hospitals","Med/Surg","COVID+",26
2020-06-14,"All SF Hospitals","Med/Surg","COVID+",30
2020-06-15,"All SF Hospitals","Med/Surg","COVID+",25
2020-06-16,"All SF Hospitals","Med/Surg","COVID+",27
2020-06-17,"All SF Hospitals","Med/Surg","COVID+",25
2020-06-18,"All SF Hospitals","Med/Surg","COVID+",22
2020-06-19,"All SF Hospitals","Med/Surg","COVID+",20
2020-06-20,"All SF Hospitals","Med/Surg","COVID+",23
2020-06-21,"All SF Hospitals","Med/Surg","COVID+",23
2020-06-22,"All SF Hospitals","Med/Surg","COVID+",21
2020-06-23,"All SF Hospitals","Med/Surg","COVID+",22
2020-06-24,"All SF Hospitals","Med/Surg","COVID+",18
2020-06-25,"All SF Hospitals","Med/Surg","COVID+",26
2020-06-26,"All SF Hospitals","Med/Surg","COVID+",25
2020-06-27,"All SF Hospitals","Med/Surg","COVID+",30
2020-06-28,"All SF Hospitals","Med/Surg","COVID+",33
2020-06-29,"All SF Hospitals","Med/Surg","COVID+",32
2020-06-30,"All SF Hospitals","Med/Surg","COVID+",31
2020-07-01,"All SF Hospitals","Med/Surg","COVID+",34
2020-07-02,"All SF Hospitals","Med/Surg","COVID+",37
2020-07-03,"All SF Hospitals","Med/Surg","COVID+",36
2020-07-04,"All SF Hospitals","Med/Surg","COVID+",38
2020-07-05,"All SF Hospitals","Med/Surg","COVID+",38
2020-07-06,"All SF Hospitals","Med/Surg","COVID+",45
2020-07-07,"All SF Hospitals","Med/Surg","COVID+",46
2020-07-08,"All SF Hospitals","Med/Surg","COVID+",45
2020-07-09,"All SF Hospitals","Med/Surg","COVID+",40
2020-07-10,"All SF Hospitals","Med/Surg","COVID+",40
2020-07-11,"All SF Hospitals","Med/Surg","COVID+",45
2020-07-12,"All SF Hospitals","Med/Surg","COVID+",51
2020-07-13,"All SF Hospitals","Med/Surg","COVID+",57
2020-07-14,"All SF Hospitals","Med/Surg","COVID+",63
2020-07-15,"All SF Hospitals","Med/Surg","COVID+",59
2020-07-16,"All SF Hospitals","Med/Surg","COVID+",63
2020-07-17,"All SF Hospitals","Med/Surg","COVID+",56
2020-07-18,"All SF Hospitals","Med/Surg","COVID+",61
2020-07-19,"All SF Hospitals","Med/Surg","COVID+",66
2020-07-20,"All SF Hospitals","Med/Surg","COVID+",66
2020-07-21,"All SF Hospitals","Med/Surg","COVID+",67
2020-07-22,"All SF Hospitals","Med/Surg","COVID+",69
2020-07-23,"All SF Hospitals","Med/Surg","COVID+",73
2020-07-24,"All SF Hospitals","Med/Surg","COVID+",75
2020-07-25,"All SF Hospitals","Med/Surg","COVID+",73
2020-07-26,"All SF Hospitals","Med/Surg","COVID+",71
2020-07-27,"All SF Hospitals","Med/Surg","COVID+",73
2020-07-28,"All SF Hospitals","Med/Surg","COVID+",74
2020-07-29,"All SF Hospitals","Med/Surg","COVID+",68
2020-07-30,"All SF Hospitals","Med/Surg","COVID+",72
2020-07-31,"All SF Hospitals","Med/Surg","COVID+",68
2020-08-01,"All SF Hospitals","Med/Surg","COVID+",68
2020-08-02,"All SF Hospitals","Med/Surg","COVID+",60
2020-08-03,"All SF Hospitals","Med/Surg","COVID+",64
2020-08-04,"All SF Hospitals","Med/Surg","COVID+",55
2020-08-05,"All SF Hospitals","Med/Surg","COVID+",56
2020-08-06,"All SF Hospitals","Med/Surg","COVID+",51
2020-08-07,"All SF Hospitals","Med/Surg","COVID+",53
2020-08-08,"All SF Hospitals","Med/Surg","COVID+",54
2020-08-09,"All SF Hospitals","Med/Surg","COVID+",59
2020-08-10,"All SF Hospitals","Med/Surg","COVID+",62
2020-08-11,"All SF Hospitals","Med/Surg","COVID+",66
2020-08-12,"All SF Hospitals","Med/Surg","COVID+",70
2020-08-13,"All SF Hospitals","Med/Surg","COVID+",65
2020-08-14,"All SF Hospitals","Med/Surg","COVID+",47
2020-08-15,"All SF Hospitals","Med/Surg","COVID+",55
2020-08-16,"All SF Hospitals","Med/Surg","COVID+",50
2020-08-17,"All SF Hospitals","Med/Surg","COVID+",60
2020-08-18,"All SF Hospitals","Med/Surg","COVID+",56
2020-08-19,"All SF Hospitals","Med/Surg","COVID+",68
2020-08-20,"All SF Hospitals","Med/Surg","COVID+",64
2020-08-21,"All SF Hospitals","Med/Surg","COVID+",57
2020-08-22,"All SF Hospitals","Med/Surg","COVID+",56
2020-08-23,"All SF Hospitals","Med/Surg","COVID+",59
2020-08-24,"All SF Hospitals","Med/Surg","COVID+",56
2020-08-25,"All SF Hospitals","Med/Surg","COVID+",50
2020-08-26,"All SF Hospitals","Med/Surg","COVID+",46
2020-08-27,"All SF Hospitals","Med/Surg","COVID+",47
2020-08-28,"All SF Hospitals","Med/Surg","COVID+",47
2020-08-29,"All SF Hospitals","Med/Surg","COVID+",41
2020-08-30,"All SF Hospitals","Med/Surg","COVID+",46
2020-08-31,"All SF Hospitals","Med/Surg","COVID+",51
2020-09-01,"All SF Hospitals","Med/Surg","COVID+",47
2020-09-02,"All SF Hospitals","Med/Surg","COVID+",41
2020-09-03,"All SF Hospitals","Med/Surg","COVID+",35
2020-09-04,"All SF Hospitals","Med/Surg","COVID+",30
2020-09-05,"All SF Hospitals","Med/Surg","COVID+",34
2020-09-06,"All SF Hospitals","Med/Surg","COVID+",38
2020-09-07,"All SF Hospitals","Med/Surg","COVID+",39
2020-09-08,"All SF Hospitals","Med/Surg","COVID+",41
2020-09-09,"All SF Hospitals","Med/Surg","COVID+",46
2020-09-10,"All SF Hospitals","Med/Surg","COVID+",51
2020-09-11,"All SF Hospitals","Med/Surg","COVID+",51
2020-09-12,"All SF Hospitals","Med/Surg","COVID+",53
2020-09-13,"All SF Hospitals","Med/Surg","COVID+",55
2020-09-14,"All SF Hospitals","Med/Surg","COVID+",44
2020-09-15,"All SF Hospitals","Med/Surg","COVID+",42
2020-09-16,"All SF Hospitals","Med/Surg","COVID+",44
2020-09-17,"All SF Hospitals","Med/Surg","COVID+",44
2020-09-18,"All SF Hospitals","Med/Surg","COVID+",39
2020-09-19,"All SF Hospitals","Med/Surg","COVID+",43
2020-09-20,"All SF Hospitals","Med/Surg","COVID+",50
2020-09-21,"All SF Hospitals","Med/Surg","COVID+",52
2020-09-22,"All SF Hospitals","Med/Surg","COVID+",47
2020-09-23,"All SF Hospitals","Med/Surg","COVID+",44
2020-09-24,"All SF Hospitals","Med/Surg","COVID+",41
2020-09-25,"All SF Hospitals","Med/Surg","COVID+",38
2020-09-26,"All SF Hospitals","Med/Surg","COVID+",36
2020-09-27,"All SF Hospitals","Med/Surg","COVID+",43
2020-09-28,"All SF Hospitals","Med/Surg","COVID+",47
2020-09-29,"All SF Hospitals","Med/Surg","COVID+",48
2020-09-30,"All SF Hospitals","Med/Surg","COVID+",45
2020-10-01,"All SF Hospitals","Med/Surg","COVID+",40
2020-10-02,"All SF Hospitals","Med/Surg","COVID+",32
2020-10-03,"All SF Hospitals","Med/Surg","COVID+",35
2020-10-04,"All SF Hospitals","Med/Surg","COVID+",34
2020-10-05,"All SF Hospitals","Med/Surg","COVID+",32
2020-10-06,"All SF Hospitals","Med/Surg","COVID+",28
2020-10-07,"All SF Hospitals","Med/Surg","COVID+",22
2020-10-08,"All SF Hospitals","Med/Surg","COVID+",19
2020-10-09,"All SF Hospitals","Med/Surg","COVID+",21
2020-10-10,"All SF Hospitals","Med/Surg","COVID+",16
2020-10-11,"All SF Hospitals","Med/Surg","COVID+",19
2020-10-12,"All SF Hospitals","Med/Surg","COVID+",20
2020-10-13,"All SF Hospitals","Med/Surg","COVID+",20
2020-10-14,"All SF Hospitals","Med/Surg","COVID+",15
2020-10-15,"All SF Hospitals","Med/Surg","COVID+",15
2020-10-16,"All SF Hospitals","Med/Surg","COVID+",16
2020-10-17,"All SF Hospitals","Med/Surg","COVID+",18
2020-10-18,"All SF Hospitals","Med/Surg","COVID+",17
2020-10-19,"All SF Hospitals","Med/Surg","COVID+",15
2020-10-20,"All SF Hospitals","Med/Surg","COVID+",17
2020-10-21,"All SF Hospitals","Med/Surg","COVID+",16
2020-10-22,"All SF Hospitals","Med/Surg","COVID+",17
2020-10-23,"All SF Hospitals","Med/Surg","COVID+",17
2020-10-24,"All SF Hospitals","Med/Surg","COVID+",21
2020-10-25,"All SF Hospitals","Med/Surg","COVID+",24
2020-10-26,"All SF Hospitals","Med/Surg","COVID+",25
2020-10-27,"All SF Hospitals","Med/Surg","COVID+",28
2020-10-28,"All SF Hospitals","Med/Surg","COVID+",29
2020-10-29,"All SF Hospitals","Med/Surg","COVID+",28
2020-10-30,"All SF Hospitals","Med/Surg","COVID+",26
2020-10-31,"All SF Hospitals","Med/Surg","COVID+",24
2020-11-01,"All SF Hospitals","Med/Surg","COVID+",23
2020-11-02,"All SF Hospitals","Med/Surg","COVID+",22
2020-11-03,"All SF Hospitals","Med/Surg","COVID+",20
2020-11-04,"All SF Hospitals","Med/Surg","COVID+",23
2020-11-05,"All SF Hospitals","Med/Surg","COVID+",26
2020-11-06,"All SF Hospitals","Med/Surg","COVID+",30
2020-11-07,"All SF Hospitals","Med/Surg","COVID+",30
2020-11-08,"All SF Hospitals","Med/Surg","COVID+",25
2020-11-09,"All SF Hospitals","Med/Surg","COVID+",28
2020-11-10,"All SF Hospitals","Med/Surg","COVID+",29
2020-11-11,"All SF Hospitals","Med/Surg","COVID+",28
2020-11-12,"All SF Hospitals","Med/Surg","COVID+",28
2020-11-13,"All SF Hospitals","Med/Surg","COVID+",28
2020-11-14,"All SF Hospitals","Med/Surg","COVID+",29
2020-11-15,"All SF Hospitals","Med/Surg","COVID+",31
2020-11-16,"All SF Hospitals","Med/Surg","COVID+",28
2020-11-17,"All SF Hospitals","Med/Surg","COVID+",31
2020-11-18,"All SF Hospitals","Med/Surg","COVID+",30
2020-11-19,"All SF Hospitals","Med/Surg","COVID+",38
2020-11-20,"All SF Hospitals","Med/Surg","COVID+",38
2020-11-21,"All SF Hospitals","Med/Surg","COVID+",33
2020-11-22,"All SF Hospitals","Med/Surg","COVID+",40
2020-11-23,"All SF Hospitals","Med/Surg","COVID+",47
2020-11-24,"All SF Hospitals","Med/Surg","COVID+",48
2020-11-25,"All SF Hospitals","Med/Surg","COVID+",52
2020-11-26,"All SF Hospitals","Med/Surg","COVID+",48
2020-11-27,"All SF Hospitals","Med/Surg","COVID+",52
2020-11-28,"All SF Hospitals","Med/Surg","COVID+",59
2020-11-29,"All SF Hospitals","Med/Surg","COVID+",63
2020-11-30,"All SF Hospitals","Med/Surg","COVID+",61
2020-12-01,"All SF Hospitals","Med/Surg","COVID+",67
2020-12-02,"All SF Hospitals","Med/Surg","COVID+",63
2020-12-03,"All SF Hospitals","Med/Surg","COVID+",66
2020-12-04,"All SF Hospitals","Med/Surg","COVID+",79
2020-12-05,"All SF Hospitals","Med/Surg","COVID+",81
2020-12-06,"All SF Hospitals","Med/Surg","COVID+",85
2020-12-07,"All SF Hospitals","Med/Surg","COVID+",89
2020-12-08,"All SF Hospitals","Med/Surg","COVID+",93
2020-12-09,"All SF Hospitals","Med/Surg","COVID+",91
2020-12-10,"All SF Hospitals","Med/Surg","COVID+",101
2020-12-11,"All SF Hospitals","Med/Surg","COVID+",101
2020-12-12,"All SF Hospitals","Med/Surg","COVID+",109
2020-12-13,"All SF Hospitals","Med/Surg","COVID+",118
2020-12-14,"All SF Hospitals","Med/Surg","COVID+",107
2020-12-15,"All SF Hospitals","Med/Surg","COVID+",108
2020-12-16,"All SF Hospitals","Med/Surg","COVID+",124
2020-12-17,"All SF Hospitals","Med/Surg","COVID+",120
2020-12-18,"All SF Hospitals","Med/Surg","COVID+",135
2020-12-19,"All SF Hospitals","Med/Surg","COVID+",136
2020-12-20,"All SF Hospitals","Med/Surg","COVID+",127
2020-12-21,"All SF Hospitals","Med/Surg","COVID+",118
2020-12-22,"All SF Hospitals","Med/Surg","COVID+",128
2020-12-23,"All SF Hospitals","Med/Surg","COVID+",128
2020-12-24,"All SF Hospitals","Med/Surg","COVID+",122
2020-12-25,"All SF Hospitals","Med/Surg","COVID+",136
2020-12-26,"All SF Hospitals","Med/Surg","COVID+",140
2020-12-27,"All SF Hospitals","Med/Surg","COVID+",147
2020-12-28,"All SF Hospitals","Med/Surg","COVID+",161
2020-12-29,"All SF Hospitals","Med/Surg","COVID+",164
2020-12-30,"All SF Hospitals","Med/Surg","COVID+",163
2020-12-31,"All SF Hospitals","Med/Surg","COVID+",162
2021-01-01,"All SF Hospitals","Med/Surg","COVID+",163
2021-01-02,"All SF Hospitals","Med/Surg","COVID+",157
2021-01-03,"All SF Hospitals","Med/Surg","COVID+",161
2021-01-04,"All SF Hospitals","Med/Surg","COVID+",162
2021-01-05,"All SF Hospitals","Med/Surg","COVID+",176
2021-01-06,"All SF Hospitals","Med/Surg","COVID+",183
2021-01-07,"All SF Hospitals","Med/Surg","COVID+",182
2021-01-08,"All SF Hospitals","Med/Surg","COVID+",180
2021-01-09,"All SF Hospitals","Med/Surg","COVID+",195
2021-01-10,"All SF Hospitals","Med/Surg","COVID+",192
2021-01-11,"All SF Hospitals","Med/Surg","COVID+",194
2021-01-12,"All SF Hospitals","Med/Surg","COVID+",192
2021-01-13,"All SF Hospitals","Med/Surg","COVID+",178
2021-01-14,"All SF Hospitals","Med/Surg","COVID+",176
2021-01-15,"All SF Hospitals","Med/Surg","COVID+",183
2021-01-16,"All SF Hospitals","Med/Surg","COVID+",193
2021-01-17,"All SF Hospitals","Med/Surg","COVID+",184
2021-01-18,"All SF Hospitals","Med/Surg","COVID+",181
2021-01-19,"All SF Hospitals","Med/Surg","COVID+",174
2021-01-20,"All SF Hospitals","Med/Surg","COVID+",161
2021-01-21,"All SF Hospitals","Med/Surg","COVID+",142
2021-01-22,"All SF Hospitals","Med/Surg","COVID+",136
2021-01-23,"All SF Hospitals","Med/Surg","COVID+",138
2021-01-24,"All SF Hospitals","Med/Surg","COVID+",132
2021-01-25,"All SF Hospitals","Med/Surg","COVID+",122
2021-01-26,"All SF Hospitals","Med/Surg","COVID+",119
2021-01-27,"All SF Hospitals","Med/Surg","COVID+",118
2021-01-28,"All SF Hospitals","Med/Surg","COVID+",138
2021-01-29,"All SF Hospitals","Med/Surg","COVID+",130
2021-01-30,"All SF Hospitals","Med/Surg","COVID+",121
2021-01-31,"All SF Hospitals","Med/Surg","COVID+",125
2021-02-01,"All SF Hospitals","Med/Surg","COVID+",137
2021-02-02,"All SF Hospitals","Med/Surg","COVID+",123
2021-02-03,"All SF Hospitals","Med/Surg","COVID+",127
2021-02-04,"All SF Hospitals","Med/Surg","COVID+",126
2021-02-05,"All SF Hospitals","Med/Surg","COVID+",119
2021-02-06,"All SF Hospitals","Med/Surg","COVID+",111
2021-02-07,"All SF Hospitals","Med/Surg","COVID+",102
2021-02-08,"All SF Hospitals","Med/Surg","COVID+",105
2021-02-09,"All SF Hospitals","Med/Surg","COVID+",94
2021-02-10,"All SF Hospitals","Med/Surg","COVID+",90
2021-02-11,"All SF Hospitals","Med/Surg","COVID+",84
2021-02-12,"All SF Hospitals","Med/Surg","COVID+",88
2021-02-13,"All SF Hospitals","Med/Surg","COVID+",81
2021-02-14,"All SF Hospitals","Med/Surg","COVID+",79
2021-02-15,"All SF Hospitals","Med/Surg","COVID+",82
2021-02-16,"All SF Hospitals","Med/Surg","COVID+",76
2021-02-17,"All SF Hospitals","Med/Surg","COVID+",63
2021-02-18,"All SF Hospitals","Med/Surg","COVID+",68
2021-02-19,"All SF Hospitals","Med/Surg","COVID+",63
2021-02-20,"All SF Hospitals","Med/Surg","COVID+",67
2021-02-21,"All SF Hospitals","Med/Surg","COVID+",67
2021-02-22,"All SF Hospitals","Med/Surg","COVID+",65
2021-02-23,"All SF Hospitals","Med/Surg","COVID+",59
2021-02-24,"All SF Hospitals","Med/Surg","COVID+",67
2021-02-25,"All SF Hospitals","Med/Surg","COVID+",60
2021-02-26,"All SF Hospitals","Med/Surg","COVID+",52
2021-02-27,"All SF Hospitals","Med/Surg","COVID+",52
2021-02-28,"All SF Hospitals","Med/Surg","COVID+",52
2021-03-01,"All SF Hospitals","Med/Surg","COVID+",52
2021-03-02,"All SF Hospitals","Med/Surg","COVID+",43
2021-03-03,"All SF Hospitals","Med/Surg","COVID+",34
2021-03-04,"All SF Hospitals","Med/Surg","COVID+",38
2021-03-05,"All SF Hospitals","Med/Surg","COVID+",38
2021-03-06,"All SF Hospitals","Med/Surg","COVID+",31
2021-03-07,"All SF Hospitals","Med/Surg","COVID+",30
2021-03-08,"All SF Hospitals","Med/Surg","COVID+",28
2021-03-09,"All SF Hospitals","Med/Surg","COVID+",26
2021-03-10,"All SF Hospitals","Med/Surg","COVID+",21
2021-03-11,"All SF Hospitals","Med/Surg","COVID+",23
2021-03-12,"All SF Hospitals","Med/Surg","COVID+",28
2021-03-13,"All SF Hospitals","Med/Surg","COVID+",27
2021-03-14,"All SF Hospitals","Med/Surg","COVID+",27
2021-03-15,"All SF Hospitals","Med/Surg","COVID+",29
2021-03-16,"All SF Hospitals","Med/Surg","COVID+",23
2021-03-17,"All SF Hospitals","Med/Surg","COVID+",26
2021-03-18,"All SF Hospitals","Med/Surg","COVID+",27
2021-03-19,"All SF Hospitals","Med/Surg","COVID+",27
2021-03-20,"All SF Hospitals","Med/Surg","COVID+",28
2021-03-21,"All SF Hospitals","Med/Surg","COVID+",27
2021-03-22,"All SF Hospitals","Med/Surg","COVID+",27
2021-03-23,"All SF Hospitals","Med/Surg","COVID+",22
2021-03-24,"All SF Hospitals","Med/Surg","COVID+",24
2021-03-25,"All SF Hospitals","Med/Surg","COVID+",26
2021-03-26,"All SF Hospitals","Med/Surg","COVID+",23
2021-03-27,"All SF Hospitals","Med/Surg","COVID+",25
2021-03-28,"All SF Hospitals","Med/Surg","COVID+",25
2021-03-29,"All SF Hospitals","Med/Surg","COVID+",23
2021-03-30,"All SF Hospitals","Med/Surg","COVID+",17
2021-03-31,"All SF Hospitals","Med/Surg","COVID+",17
2021-04-01,"All SF Hospitals","Med/Surg","COVID+",18
2021-04-02,"All SF Hospitals","Med/Surg","COVID+",18
2021-04-03,"All SF Hospitals","Med/Surg","COVID+",19
2021-04-04,"All SF Hospitals","Med/Surg","COVID+",17
2021-04-05,"All SF Hospitals","Med/Surg","COVID+",20
2021-04-06,"All SF Hospitals","Med/Surg","COVID+",25
2021-04-07,"All SF Hospitals","Med/Surg","COVID+",21
2021-04-08,"All SF Hospitals","Med/Surg","COVID+",20
2021-04-09,"All SF Hospitals","Med/Surg","COVID+",20
2021-04-10,"All SF Hospitals","Med/Surg","COVID+",18
2021-04-11,"All SF Hospitals","Med/Surg","COVID+",17
2021-04-12,"All SF Hospitals","Med/Surg","COVID+",15
2021-04-13,"All SF Hospitals","Med/Surg","COVID+",15
2021-04-14,"All SF Hospitals","Med/Surg","COVID+",13
2021-04-15,"All SF Hospitals","Med/Surg","COVID+",14
2021-04-16,"All SF Hospitals","Med/Surg","COVID+",15
2021-04-17,"All SF Hospitals","Med/Surg","COVID+",18
2021-04-18,"All SF Hospitals","Med/Surg","COVID+",17
2021-04-19,"All SF Hospitals","Med/Surg","COVID+",16
2021-04-20,"All SF Hospitals","Med/Surg","COVID+",12
2021-04-21,"All SF Hospitals","Med/Surg","COVID+",14
2021-04-22,"All SF Hospitals","Med/Surg","COVID+",16
2021-04-23,"All SF Hospitals","Med/Surg","COVID+",10
2021-04-24,"All SF Hospitals","Med/Surg","COVID+",11
2021-04-25,"All SF Hospitals","Med/Surg","COVID+",11
2021-04-26,"All SF Hospitals","Med/Surg","COVID+",13
2021-04-27,"All SF Hospitals","Med/Surg","COVID+",13
2021-04-28,"All SF Hospitals","Med/Surg","COVID+",9
2021-04-29,"All SF Hospitals","Med/Surg","COVID+",10
2021-04-30,"All SF Hospitals","Med/Surg","COVID+",9
2021-05-01,"All SF Hospitals","Med/Surg","COVID+",10
2021-05-02,"All SF Hospitals","Med/Surg","COVID+",8
2021-05-03,"All SF Hospitals","Med/Surg","COVID+",9
2021-05-04,"All SF Hospitals","Med/Surg","COVID+",15
2021-05-05,"All SF Hospitals","Med/Surg","COVID+",13
2021-05-06,"All SF Hospitals","Med/Surg","COVID+",10
2021-05-07,"All SF Hospitals","Med/Surg","COVID+",12
2021-05-08,"All SF Hospitals","Med/Surg","COVID+",10
2021-05-09,"All SF Hospitals","Med/Surg","COVID+",13
2021-05-10,"All SF Hospitals","Med/Surg","COVID+",12
2021-05-11,"All SF Hospitals","Med/Surg","COVID+",7
2021-05-12,"All SF Hospitals","Med/Surg","COVID+",6
2021-05-13,"All SF Hospitals","Med/Surg","COVID+",7
2021-05-14,"All SF Hospitals","Med/Surg","COVID+",6
2021-05-15,"All SF Hospitals","Med/Surg","COVID+",5
2021-05-16,"All SF Hospitals","Med/Surg","COVID+",8
2021-05-17,"All SF Hospitals","Med/Surg","COVID+",9
2021-05-18,"All SF Hospitals","Med/Surg","COVID+",10
2021-05-19,"All SF Hospitals","Med/Surg","COVID+",9
2021-05-20,"All SF Hospitals","Med/Surg","COVID+",8
2021-05-21,"All SF Hospitals","Med/Surg","COVID+",8
2021-05-22,"All SF Hospitals","Med/Surg","COVID+",6
2021-05-23,"All SF Hospitals","Med/Surg","COVID+",6
2021-05-24,"All SF Hospitals","Med/Surg","COVID+",5
2021-05-25,"All SF Hospitals","Med/Surg","COVID+",9
2021-05-26,"All SF Hospitals","Med/Surg","COVID+",11
2021-05-27,"All SF Hospitals","Med/Surg","COVID+",9
2021-05-28,"All SF Hospitals","Med/Surg","COVID+",11
2021-05-29,"All SF Hospitals","Med/Surg","COVID+",8
2020-03-23,"All SF Hospitals","ICU","COVID+",14
2020-03-24,"All SF Hospitals","ICU","COVID+",15
2020-03-25,"All SF Hospitals","ICU","COVID+",18
2020-03-26,"All SF Hospitals","ICU","COVID+",22
2020-03-27,"All SF Hospitals","ICU","COVID+",24
2020-03-28,"All SF Hospitals","ICU","COVID+",26
2020-03-29,"All SF Hospitals","ICU","COVID+",24
2020-03-30,"All SF Hospitals","ICU","COVID+",9
2020-03-31,"All SF Hospitals","ICU","COVID+",21
2020-04-01,"All SF Hospitals","ICU","COVID+",35
2020-04-02,"All SF Hospitals","ICU","COVID+",36
2020-04-03,"All SF Hospitals","ICU","COVID+",36
2020-04-04,"All SF Hospitals","ICU","COVID+",38
2020-04-05,"All SF Hospitals","ICU","COVID+",34
2020-04-06,"All SF Hospitals","ICU","COVID+",36
2020-04-07,"All SF Hospitals","ICU","COVID+",37
2020-04-08,"All SF Hospitals","ICU","COVID+",33
2020-04-09,"All SF Hospitals","ICU","COVID+",32
2020-04-10,"All SF Hospitals","ICU","COVID+",29
2020-04-11,"All SF Hospitals","ICU","COVID+",31
2020-04-12,"All SF Hospitals","ICU","COVID+",31
2020-04-13,"All SF Hospitals","ICU","COVID+",28
2020-04-14,"All SF Hospitals","ICU","COVID+",25
2020-04-15,"All SF Hospitals","ICU","COVID+",28
2020-04-16,"All SF Hospitals","ICU","COVID+",28
2020-04-17,"All SF Hospitals","ICU","COVID+",27
2020-04-18,"All SF Hospitals","ICU","COVID+",27
2020-04-19,"All SF Hospitals","ICU","COVID+",27
2020-04-20,"All SF Hospitals","ICU","COVID+",25
2020-04-21,"All SF Hospitals","ICU","COVID+",27
2020-04-22,"All SF Hospitals","ICU","COVID+",33
2020-04-23,"All SF Hospitals","ICU","COVID+",30
2020-04-24,"All SF Hospitals","ICU","COVID+",30
2020-04-25,"All SF Hospitals","ICU","COVID+",31
2020-04-26,"All SF Hospitals","ICU","COVID+",29
2020-04-27,"All SF Hospitals","ICU","COVID+",28
2020-04-28,"All SF Hospitals","ICU","COVID+",27
2020-04-29,"All SF Hospitals","ICU","COVID+",32
2020-04-30,"All SF Hospitals","ICU","COVID+",32
2020-05-01,"All SF Hospitals","ICU","COVID+",29
2020-05-02,"All SF Hospitals","ICU","COVID+",30
2020-05-03,"All SF Hospitals","ICU","COVID+",26
2020-05-04,"All SF Hospitals","ICU","COVID+",27
2020-05-05,"All SF Hospitals","ICU","COVID+",26
2020-05-06,"All SF Hospitals","ICU","COVID+",30
2020-05-07,"All SF Hospitals","ICU","COVID+",28
2020-05-08,"All SF Hospitals","ICU","COVID+",27
2020-05-09,"All SF Hospitals","ICU","COVID+",24
2020-05-10,"All SF Hospitals","ICU","COVID+",23
2020-05-11,"All SF Hospitals","ICU","COVID+",23
2020-05-12,"All SF Hospitals","ICU","COVID+",25
2020-05-13,"All SF Hospitals","ICU","COVID+",22
2020-05-14,"All SF Hospitals","ICU","COVID+",20
2020-05-15,"All SF Hospitals","ICU","COVID+",21
2020-05-16,"All SF Hospitals","ICU","COVID+",19
2020-05-17,"All SF Hospitals","ICU","COVID+",19
2020-05-18,"All SF Hospitals","ICU","COVID+",20
2020-05-19,"All SF Hospitals","ICU","COVID+",22
2020-05-20,"All SF Hospitals","ICU","COVID+",18
2020-05-21,"All SF Hospitals","ICU","COVID+",20
2020-05-22,"All SF Hospitals","ICU","COVID+",19
2020-05-23,"All SF Hospitals","ICU","COVID+",21
2020-05-24,"All SF Hospitals","ICU","COVID+",21
2020-05-25,"All SF Hospitals","ICU","COVID+",21
2020-05-26,"All SF Hospitals","ICU","COVID+",20
2020-05-27,"All SF Hospitals","ICU","COVID+",21
2020-05-28,"All SF Hospitals","ICU","COVID+",20
2020-05-29,"All SF Hospitals","ICU","COVID+",20
2020-05-30,"All SF Hospitals","ICU","COVID+",22
2020-05-31,"All SF Hospitals","ICU","COVID+",19
2020-06-01,"All SF Hospitals","ICU","COVID+",19
2020-06-02,"All SF Hospitals","ICU","COVID+",19
2020-06-03,"All SF Hospitals","ICU","COVID+",16
2020-06-04,"All SF Hospitals","ICU","COVID+",15
2020-06-05,"All SF Hospitals","ICU","COVID+",15
2020-06-06,"All SF Hospitals","ICU","COVID+",14
2020-06-07,"All SF Hospitals","ICU","COVID+",14
2020-06-08,"All SF Hospitals","ICU","COVID+",14
2020-06-09,"All SF Hospitals","ICU","COVID+",13
2020-06-10,"All SF Hospitals","ICU","COVID+",14
2020-06-11,"All SF Hospitals","ICU","COVID+",15
2020-06-12,"All SF Hospitals","ICU","COVID+",13
2020-06-13,"All SF Hospitals","ICU","COVID+",11
2020-06-14,"All SF Hospitals","ICU","COVID+",7
2020-06-15,"All SF Hospitals","ICU","COVID+",7
2020-06-16,"All SF Hospitals","ICU","COVID+",7
2020-06-17,"All SF Hospitals","ICU","COVID+",7
2020-06-18,"All SF Hospitals","ICU","COVID+",7
2020-06-19,"All SF Hospitals","ICU","COVID+",6
2020-06-20,"All SF Hospitals","ICU","COVID+",6
2020-06-21,"All SF Hospitals","ICU","COVID+",7
2020-06-22,"All SF Hospitals","ICU","COVID+",8
2020-06-23,"All SF Hospitals","ICU","COVID+",9
2020-06-24,"All SF Hospitals","ICU","COVID+",10
2020-06-25,"All SF Hospitals","ICU","COVID+",11
2020-06-26,"All SF Hospitals","ICU","COVID+",13
2020-06-27,"All SF Hospitals","ICU","COVID+",13
2020-06-28,"All SF Hospitals","ICU","COVID+",13
2020-06-29,"All SF Hospitals","ICU","COVID+",17
2020-06-30,"All SF Hospitals","ICU","COVID+",19
2020-07-01,"All SF Hospitals","ICU","COVID+",16
2020-07-02,"All SF Hospitals","ICU","COVID+",14
2020-07-03,"All SF Hospitals","ICU","COVID+",15
2020-07-04,"All SF Hospitals","ICU","COVID+",15
2020-07-05,"All SF Hospitals","ICU","COVID+",17
2020-07-06,"All SF Hospitals","ICU","COVID+",13
2020-07-07,"All SF Hospitals","ICU","COVID+",15
2020-07-08,"All SF Hospitals","ICU","COVID+",17
2020-07-09,"All SF Hospitals","ICU","COVID+",19
2020-07-10,"All SF Hospitals","ICU","COVID+",22
2020-07-11,"All SF Hospitals","ICU","COVID+",25
2020-07-12,"All SF Hospitals","ICU","COVID+",23
2020-07-13,"All SF Hospitals","ICU","COVID+",19
2020-07-14,"All SF Hospitals","ICU","COVID+",23
2020-07-15,"All SF Hospitals","ICU","COVID+",21
2020-07-16,"All SF Hospitals","ICU","COVID+",20
2020-07-17,"All SF Hospitals","ICU","COVID+",27
2020-07-18,"All SF Hospitals","ICU","COVID+",29
2020-07-19,"All SF Hospitals","ICU","COVID+",24
2020-07-20,"All SF Hospitals","ICU","COVID+",24
2020-07-21,"All SF Hospitals","ICU","COVID+",27
2020-07-22,"All SF Hospitals","ICU","COVID+",29
2020-07-23,"All SF Hospitals","ICU","COVID+",26
2020-07-24,"All SF Hospitals","ICU","COVID+",27
2020-07-25,"All SF Hospitals","ICU","COVID+",28
2020-07-26,"All SF Hospitals","ICU","COVID+",33
2020-07-27,"All SF Hospitals","ICU","COVID+",36
2020-07-28,"All SF Hospitals","ICU","COVID+",37
2020-07-29,"All SF Hospitals","ICU","COVID+",37
2020-07-30,"All SF Hospitals","ICU","COVID+",38
2020-07-31,"All SF Hospitals","ICU","COVID+",35
2020-08-01,"All SF Hospitals","ICU","COVID+",32
2020-08-02,"All SF Hospitals","ICU","COVID+",34
2020-08-03,"All SF Hospitals","ICU","COVID+",32
2020-08-04,"All SF Hospitals","ICU","COVID+",31
2020-08-05,"All SF Hospitals","ICU","COVID+",29
2020-08-06,"All SF Hospitals","ICU","COVID+",29
2020-08-07,"All SF Hospitals","ICU","COVID+",27
2020-08-08,"All SF Hospitals","ICU","COVID+",30
2020-08-09,"All SF Hospitals","ICU","COVID+",27
2020-08-10,"All SF Hospitals","ICU","COVID+",31
2020-08-11,"All SF Hospitals","ICU","COVID+",30
2020-08-12,"All SF Hospitals","ICU","COVID+",32
2020-08-13,"All SF Hospitals","ICU","COVID+",32
2020-08-14,"All SF Hospitals","ICU","COVID+",36
2020-08-15,"All SF Hospitals","ICU","COVID+",31
2020-08-16,"All SF Hospitals","ICU","COVID+",34
2020-08-17,"All SF Hospitals","ICU","COVID+",34
2020-08-18,"All SF Hospitals","ICU","COVID+",37
2020-08-19,"All SF Hospitals","ICU","COVID+",37
2020-08-20,"All SF Hospitals","ICU","COVID+",33
2020-08-21,"All SF Hospitals","ICU","COVID+",33
2020-08-22,"All SF Hospitals","ICU","COVID+",35
2020-08-23,"All SF Hospitals","ICU","COVID+",36
2020-08-24,"All SF Hospitals","ICU","COVID+",33
2020-08-25,"All SF Hospitals","ICU","COVID+",36
2020-08-26,"All SF Hospitals","ICU","COVID+",32
2020-08-27,"All SF Hospitals","ICU","COVID+",27
2020-08-28,"All SF Hospitals","ICU","COVID+",26
2020-08-29,"All SF Hospitals","ICU","COVID+",28
2020-08-30,"All SF Hospitals","ICU","COVID+",26
2020-08-31,"All SF Hospitals","ICU","COVID+",24
2020-09-01,"All SF Hospitals","ICU","COVID+",21
2020-09-02,"All SF Hospitals","ICU","COVID+",20
2020-09-03,"All SF Hospitals","ICU","COVID+",22
2020-09-04,"All SF Hospitals","ICU","COVID+",21
2020-09-05,"All SF Hospitals","ICU","COVID+",23
2020-09-06,"All SF Hospitals","ICU","COVID+",25
2020-09-07,"All SF Hospitals","ICU","COVID+",25
2020-09-08,"All SF Hospitals","ICU","COVID+",24
2020-09-09,"All SF Hospitals","ICU","COVID+",20
2020-09-10,"All SF Hospitals","ICU","COVID+",21
2020-09-11,"All SF Hospitals","ICU","COVID+",19
2020-09-12,"All SF Hospitals","ICU","COVID+",21
2020-09-13,"All SF Hospitals","ICU","COVID+",21
2020-09-14,"All SF Hospitals","ICU","COVID+",22
2020-09-15,"All SF Hospitals","ICU","COVID+",20
2020-09-16,"All SF Hospitals","ICU","COVID+",22
2020-09-17,"All SF Hospitals","ICU","COVID+",19
2020-09-18,"All SF Hospitals","ICU","COVID+",18
2020-09-19,"All SF Hospitals","ICU","COVID+",21
2020-09-20,"All SF Hospitals","ICU","COVID+",17
2020-09-21,"All SF Hospitals","ICU","COVID+",18
2020-09-22,"All SF Hospitals","ICU","COVID+",17
2020-09-23,"All SF Hospitals","ICU","COVID+",15
2020-09-24,"All SF Hospitals","ICU","COVID+",19
2020-09-25,"All SF Hospitals","ICU","COVID+",17
2020-09-26,"All SF Hospitals","ICU","COVID+",18
2020-09-27,"All SF Hospitals","ICU","COVID+",16
2020-09-28,"All SF Hospitals","ICU","COVID+",16
2020-09-29,"All SF Hospitals","ICU","COVID+",15
2020-09-30,"All SF Hospitals","ICU","COVID+",14
2020-10-01,"All SF Hospitals","ICU","COVID+",16
2020-10-02,"All SF Hospitals","ICU","COVID+",17
2020-10-03,"All SF Hospitals","ICU","COVID+",16
2020-10-04,"All SF Hospitals","ICU","COVID+",15
2020-10-05,"All SF Hospitals","ICU","COVID+",14
2020-10-06,"All SF Hospitals","ICU","COVID+",16
2020-10-07,"All SF Hospitals","ICU","COVID+",17
2020-10-08,"All SF Hospitals","ICU","COVID+",14
2020-10-09,"All SF Hospitals","ICU","COVID+",12
2020-10-10,"All SF Hospitals","ICU","COVID+",11
2020-10-11,"All SF Hospitals","ICU","COVID+",12
2020-10-12,"All SF Hospitals","ICU","COVID+",9
2020-10-13,"All SF Hospitals","ICU","COVID+",7
2020-10-14,"All SF Hospitals","ICU","COVID+",7
2020-10-15,"All SF Hospitals","ICU","COVID+",6
2020-10-16,"All SF Hospitals","ICU","COVID+",8
2020-10-17,"All SF Hospitals","ICU","COVID+",8
2020-10-18,"All SF Hospitals","ICU","COVID+",8
2020-10-19,"All SF Hospitals","ICU","COVID+",6
2020-10-20,"All SF Hospitals","ICU","COVID+",7
2020-10-21,"All SF Hospitals","ICU","COVID+",7
2020-10-22,"All SF Hospitals","ICU","COVID+",7
2020-10-23,"All SF Hospitals","ICU","COVID+",6
2020-10-24,"All SF Hospitals","ICU","COVID+",6
2020-10-25,"All SF Hospitals","ICU","COVID+",5
2020-10-26,"All SF Hospitals","ICU","COVID+",6
2020-10-27,"All SF Hospitals","ICU","COVID+",7
2020-10-28,"All SF Hospitals","ICU","COVID+",8
2020-10-29,"All SF Hospitals","ICU","COVID+",6
2020-10-30,"All SF Hospitals","ICU","COVID+",6
2020-10-31,"All SF Hospitals","ICU","COVID+",11
2020-11-01,"All SF Hospitals","ICU","COVID+",11
2020-11-02,"All SF Hospitals","ICU","COVID+",11
2020-11-03,"All SF Hospitals","ICU","COVID+",12
2020-11-04,"All SF Hospitals","ICU","COVID+",10
2020-11-05,"All SF Hospitals","ICU","COVID+",11
2020-11-06,"All SF Hospitals","ICU","COVID+",8
2020-11-07,"All SF Hospitals","ICU","COVID+",10
2020-11-08,"All SF Hospitals","ICU","COVID+",11
2020-11-09,"All SF Hospitals","ICU","COVID+",8
2020-11-10,"All SF Hospitals","ICU","COVID+",9
2020-11-11,"All SF Hospitals","ICU","COVID+",10
2020-11-12,"All SF Hospitals","ICU","COVID+",9
2020-11-13,"All SF Hospitals","ICU","COVID+",10
2020-11-14,"All SF Hospitals","ICU","COVID+",9
2020-11-15,"All SF Hospitals","ICU","COVID+",8
2020-11-16,"All SF Hospitals","ICU","COVID+",11
2020-11-17,"All SF Hospitals","ICU","COVID+",10
2020-11-18,"All SF Hospitals","ICU","COVID+",10
2020-11-19,"All SF Hospitals","ICU","COVID+",10
2020-11-20,"All SF Hospitals","ICU","COVID+",14
2020-11-21,"All SF Hospitals","ICU","COVID+",15
2020-11-22,"All SF Hospitals","ICU","COVID+",14
2020-11-23,"All SF Hospitals","ICU","COVID+",18
2020-11-24,"All SF Hospitals","ICU","COVID+",19
2020-11-25,"All SF Hospitals","ICU","COVID+",19
2020-11-26,"All SF Hospitals","ICU","COVID+",24
2020-11-27,"All SF Hospitals","ICU","COVID+",22
2020-11-28,"All SF Hospitals","ICU","COVID+",22
2020-11-29,"All SF Hospitals","ICU","COVID+",24
2020-11-30,"All SF Hospitals","ICU","COVID+",24
2020-12-01,"All SF Hospitals","ICU","COVID+",26
2020-12-02,"All SF Hospitals","ICU","COVID+",32
2020-12-03,"All SF Hospitals","ICU","COVID+",31
2020-12-04,"All SF Hospitals","ICU","COVID+",34
2020-12-05,"All SF Hospitals","ICU","COVID+",32
2020-12-06,"All SF Hospitals","ICU","COVID+",31
2020-12-07,"All SF Hospitals","ICU","COVID+",30
2020-12-08,"All SF Hospitals","ICU","COVID+",32
2020-12-09,"All SF Hospitals","ICU","COVID+",33
2020-12-10,"All SF Hospitals","ICU","COVID+",33
2020-12-11,"All SF Hospitals","ICU","COVID+",36
2020-12-12,"All SF Hospitals","ICU","COVID+",37
2020-12-13,"All SF Hospitals","ICU","COVID+",40
2020-12-14,"All SF Hospitals","ICU","COVID+",42
2020-12-15,"All SF Hospitals","ICU","COVID+",41
2020-12-16,"All SF Hospitals","ICU","COVID+",39
2020-12-17,"All SF Hospitals","ICU","COVID+",41
2020-12-18,"All SF Hospitals","ICU","COVID+",40
2020-12-19,"All SF Hospitals","ICU","COVID+",43
2020-12-20,"All SF Hospitals","ICU","COVID+",46
2020-12-21,"All SF Hospitals","ICU","COVID+",49
2020-12-22,"All SF Hospitals","ICU","COVID+",47
2020-12-23,"All SF Hospitals","ICU","COVID+",54
2020-12-24,"All SF Hospitals","ICU","COVID+",51
2020-12-25,"All SF Hospitals","ICU","COVID+",49
2020-12-26,"All SF Hospitals","ICU","COVID+",48
2020-12-27,"All SF Hospitals","ICU","COVID+",50
2020-12-28,"All SF Hospitals","ICU","COVID+",54
2020-12-29,"All SF Hospitals","ICU","COVID+",56
2020-12-30,"All SF Hospitals","ICU","COVID+",53
2020-12-31,"All SF Hospitals","ICU","COVID+",53
2021-01-01,"All SF Hospitals","ICU","COVID+",55
2021-01-02,"All SF Hospitals","ICU","COVID+",53
2021-01-03,"All SF Hospitals","ICU","COVID+",53
2021-01-04,"All SF Hospitals","ICU","COVID+",60
2021-01-05,"All SF Hospitals","ICU","COVID+",58
2021-01-06,"All SF Hospitals","ICU","COVID+",58
2021-01-07,"All SF Hospitals","ICU","COVID+",60
2021-01-08,"All SF Hospitals","ICU","COVID+",59
2021-01-09,"All SF Hospitals","ICU","COVID+",58
2021-01-10,"All SF Hospitals","ICU","COVID+",57
2021-01-11,"All SF Hospitals","ICU","COVID+",62
2021-01-12,"All SF Hospitals","ICU","COVID+",61
2021-01-13,"All SF Hospitals","ICU","COVID+",63
2021-01-14,"All SF Hospitals","ICU","COVID+",62
2021-01-15,"All SF Hospitals","ICU","COVID+",55
2021-01-16,"All SF Hospitals","ICU","COVID+",57
2021-01-17,"All SF Hospitals","ICU","COVID+",61
2021-01-18,"All SF Hospitals","ICU","COVID+",62
2021-01-19,"All SF Hospitals","ICU","COVID+",55
2021-01-20,"All SF Hospitals","ICU","COVID+",53
2021-01-21,"All SF Hospitals","ICU","COVID+",50
2021-01-22,"All SF Hospitals","ICU","COVID+",55
2021-01-23,"All SF Hospitals","ICU","COVID+",53
2021-01-24,"All SF Hospitals","ICU","COVID+",53
2021-01-25,"All SF Hospitals","ICU","COVID+",53
2021-01-26,"All SF Hospitals","ICU","COVID+",52
2021-01-27,"All SF Hospitals","ICU","COVID+",54
2021-01-28,"All SF Hospitals","ICU","COVID+",47
2021-01-29,"All SF Hospitals","ICU","COVID+",47
2021-01-30,"All SF Hospitals","ICU","COVID+",47
2021-01-31,"All SF Hospitals","ICU","COVID+",47
2021-02-01,"All SF Hospitals","ICU","COVID+",43
2021-02-02,"All SF Hospitals","ICU","COVID+",46
2021-02-03,"All SF Hospitals","ICU","COVID+",47
2021-02-04,"All SF Hospitals","ICU","COVID+",49
2021-02-05,"All SF Hospitals","ICU","COVID+",43
2021-02-06,"All SF Hospitals","ICU","COVID+",45
2021-02-07,"All SF Hospitals","ICU","COVID+",43
2021-02-08,"All SF Hospitals","ICU","COVID+",43
2021-02-09,"All SF Hospitals","ICU","COVID+",39
2021-02-10,"All SF Hospitals","ICU","COVID+",32
2021-02-11,"All SF Hospitals","ICU","COVID+",32
2021-02-12,"All SF Hospitals","ICU","COVID+",35
2021-02-13,"All SF Hospitals","ICU","COVID+",37
2021-02-14,"All SF Hospitals","ICU","COVID+",35
2021-02-15,"All SF Hospitals","ICU","COVID+",37
2021-02-16,"All SF Hospitals","ICU","COVID+",33
2021-02-17,"All SF Hospitals","ICU","COVID+",31
2021-02-18,"All SF Hospitals","ICU","COVID+",32
2021-02-19,"All SF Hospitals","ICU","COVID+",27
2021-02-20,"All SF Hospitals","ICU","COVID+",26
2021-02-21,"All SF Hospitals","ICU","COVID+",30
2021-02-22,"All SF Hospitals","ICU","COVID+",28
2021-02-23,"All SF Hospitals","ICU","COVID+",29
2021-02-24,"All SF Hospitals","ICU","COVID+",25
2021-02-25,"All SF Hospitals","ICU","COVID+",21
2021-02-26,"All SF Hospitals","ICU","COVID+",22
2021-02-27,"All SF Hospitals","ICU","COVID+",26
2021-02-28,"All SF Hospitals","ICU","COVID+",20
2021-03-01,"All SF Hospitals","ICU","COVID+",20
2021-03-02,"All SF Hospitals","ICU","COVID+",17
2021-03-03,"All SF Hospitals","ICU","COVID+",15
2021-03-04,"All SF Hospitals","ICU","COVID+",12
2021-03-05,"All SF Hospitals","ICU","COVID+",12
2021-03-06,"All SF Hospitals","ICU","COVID+",14
2021-03-07,"All SF Hospitals","ICU","COVID+",17
2021-03-08,"All SF Hospitals","ICU","COVID+",15
2021-03-09,"All SF Hospitals","ICU","COVID+",16
2021-03-10,"All SF Hospitals","ICU","COVID+",17
2021-03-11,"All SF Hospitals","ICU","COVID+",16
2021-03-12,"All SF Hospitals","ICU","COVID+",16
2021-03-13,"All SF Hospitals","ICU","COVID+",15
2021-03-14,"All SF Hospitals","ICU","COVID+",14
2021-03-15,"All SF Hospitals","ICU","COVID+",11
2021-03-16,"All SF Hospitals","ICU","COVID+",12
2021-03-17,"All SF Hospitals","ICU","COVID+",14
2021-03-18,"All SF Hospitals","ICU","COVID+",14
2021-03-19,"All SF Hospitals","ICU","COVID+",14
2021-03-20,"All SF Hospitals","ICU","COVID+",11
2021-03-21,"All SF Hospitals","ICU","COVID+",8
2021-03-22,"All SF Hospitals","ICU","COVID+",7
2021-03-23,"All SF Hospitals","ICU","COVID+",8
2021-03-24,"All SF Hospitals","ICU","COVID+",7
2021-03-25,"All SF Hospitals","ICU","COVID+",5
2021-03-26,"All SF Hospitals","ICU","COVID+",7
2021-03-27,"All SF Hospitals","ICU","COVID+",6
2021-03-28,"All SF Hospitals","ICU","COVID+",4
2021-03-29,"All SF Hospitals","ICU","COVID+",4
2021-03-30,"All SF Hospitals","ICU","COVID+",5
2021-03-31,"All SF Hospitals","ICU","COVID+",4
2021-04-01,"All SF Hospitals","ICU","COVID+",3
2021-04-02,"All SF Hospitals","ICU","COVID+",3
2021-04-03,"All SF Hospitals","ICU","COVID+",4
2021-04-04,"All SF Hospitals","ICU","COVID+",3
2021-04-05,"All SF Hospitals","ICU","COVID+",5
2021-04-06,"All SF Hospitals","ICU","COVID+",5
2021-04-07,"All SF Hospitals","ICU","COVID+",4
2021-04-08,"All SF Hospitals","ICU","COVID+",3
2021-04-09,"All SF Hospitals","ICU","COVID+",3
2021-04-10,"All SF Hospitals","ICU","COVID+",4
2021-04-11,"All SF Hospitals","ICU","COVID+",5
2021-04-12,"All SF Hospitals","ICU","COVID+",6
2021-04-13,"All SF Hospitals","ICU","COVID+",7
2021-04-14,"All SF Hospitals","ICU","COVID+",9
2021-04-15,"All SF Hospitals","ICU","COVID+",8
2021-04-16,"All SF Hospitals","ICU","COVID+",9
2021-04-17,"All SF Hospitals","ICU","COVID+",11
2021-04-18,"All SF Hospitals","ICU","COVID+",10
2021-04-19,"All SF Hospitals","ICU","COVID+",9
2021-04-20,"All SF Hospitals","ICU","COVID+",10
2021-04-21,"All SF Hospitals","ICU","COVID+",10
2021-04-22,"All SF Hospitals","ICU","COVID+",8
2021-04-23,"All SF Hospitals","ICU","COVID+",12
2021-04-24,"All SF Hospitals","ICU","COVID+",10
2021-04-25,"All SF Hospitals","ICU","COVID+",10
2021-04-26,"All SF Hospitals","ICU","COVID+",9
2021-04-27,"All SF Hospitals","ICU","COVID+",7
2021-04-28,"All SF Hospitals","ICU","COVID+",7
2021-04-29,"All SF Hospitals","ICU","COVID+",7
2021-04-30,"All SF Hospitals","ICU","COVID+",6
2021-05-01,"All SF Hospitals","ICU","COVID+",5
2021-05-02,"All SF Hospitals","ICU","COVID+",6
2021-05-03,"All SF Hospitals","ICU","COVID+",7
2021-05-04,"All SF Hospitals","ICU","COVID+",6
2021-05-05,"All SF Hospitals","ICU","COVID+",5
2021-05-06,"All SF Hospitals","ICU","COVID+",6
2021-05-07,"All SF Hospitals","ICU","COVID+",5
2021-05-08,"All SF Hospitals","ICU","COVID+",6
2021-05-09,"All SF Hospitals","ICU","COVID+",4
2021-05-10,"All SF Hospitals","ICU","COVID+",4
2021-05-11,"All SF Hospitals","ICU","COVID+",5
2021-05-12,"All SF Hospitals","ICU","COVID+",3
2021-05-13,"All SF Hospitals","ICU","COVID+",5
2021-05-14,"All SF Hospitals","ICU","COVID+",6
2021-05-15,"All SF Hospitals","ICU","COVID+",6
2021-05-16,"All SF Hospitals","ICU","COVID+",5
2021-05-17,"All SF Hospitals","ICU","COVID+",5
2021-05-18,"All SF Hospitals","ICU","COVID+",5
2021-05-19,"All SF Hospitals","ICU","COVID+",4
2021-05-20,"All SF Hospitals","ICU","COVID+",4
2021-05-21,"All SF Hospitals","ICU","COVID+",5
2021-05-22,"All SF Hospitals","ICU","COVID+",6
2021-05-23,"All SF Hospitals","ICU","COVID+",5
2021-05-24,"All SF Hospitals","ICU","COVID+",5
2021-05-25,"All SF Hospitals","ICU","COVID+",6
2021-05-26,"All SF Hospitals","ICU","COVID+",4
2021-05-27,"All SF Hospitals","ICU","COVID+",3
2021-05-28,"All SF Hospitals","ICU","COVID+",3
2021-05-29,"All SF Hospitals","ICU","COVID+",5
2020-03-23,"All SF Hospitals","Med/Surg","PUI",101
2020-03-24,"All SF Hospitals","Med/Surg","PUI",96
2020-03-25,"All SF Hospitals","Med/Surg","PUI",62
2020-03-26,"All SF Hospitals","Med/Surg","PUI",67
2020-03-27,"All SF Hospitals","Med/Surg","PUI",69
2020-03-28,"All SF Hospitals","Med/Surg","PUI",69
2020-03-29,"All SF Hospitals","Med/Surg","PUI",61
2020-03-30,"All SF Hospitals","Med/Surg","PUI",26
2020-03-31,"All SF Hospitals","Med/Surg","PUI",35
2020-04-01,"All SF Hospitals","Med/Surg","PUI",68
2020-04-02,"All SF Hospitals","Med/Surg","PUI",46
2020-04-03,"All SF Hospitals","Med/Surg","PUI",29
2020-04-04,"All SF Hospitals","Med/Surg","PUI",42
2020-04-05,"All SF Hospitals","Med/Surg","PUI",111
2020-04-06,"All SF Hospitals","Med/Surg","PUI",109
2020-04-07,"All SF Hospitals","Med/Surg","PUI",48
2020-04-08,"All SF Hospitals","Med/Surg","PUI",40
2020-04-09,"All SF Hospitals","Med/Surg","PUI",28
2020-04-10,"All SF Hospitals","Med/Surg","PUI",26
2020-04-11,"All SF Hospitals","Med/Surg","PUI",28
2020-04-12,"All SF Hospitals","Med/Surg","PUI",33
2020-04-13,"All SF Hospitals","Med/Surg","PUI",38
2020-04-14,"All SF Hospitals","Med/Surg","PUI",79
2020-04-15,"All SF Hospitals","Med/Surg","PUI",29
2020-04-16,"All SF Hospitals","Med/Surg","PUI",26
2020-04-17,"All SF Hospitals","Med/Surg","PUI",19
2020-04-18,"All SF Hospitals","Med/Surg","PUI",27
2020-04-19,"All SF Hospitals","Med/Surg","PUI",25
2020-04-20,"All SF Hospitals","Med/Surg","PUI",41
2020-04-21,"All SF Hospitals","Med/Surg","PUI",24
2020-04-22,"All SF Hospitals","Med/Surg","PUI",22
2020-04-23,"All SF Hospitals","Med/Surg","PUI",20
2020-04-24,"All SF Hospitals","Med/Surg","PUI",19
2020-04-25,"All SF Hospitals","Med/Surg","PUI",38
2020-04-26,"All SF Hospitals","Med/Surg","PUI",81
2020-04-27,"All SF Hospitals","Med/Surg","PUI",30
2020-04-28,"All SF Hospitals","Med/Surg","PUI",20
2020-04-29,"All SF Hospitals","Med/Surg","PUI",21
2020-04-30,"All SF Hospitals","Med/Surg","PUI",19
2020-05-01,"All SF Hospitals","Med/Surg","PUI",23
2020-05-02,"All SF Hospitals","Med/Surg","PUI",17
2020-05-03,"All SF Hospitals","Med/Surg","PUI",15
2020-05-04,"All SF Hospitals","Med/Surg","PUI",13
2020-05-05,"All SF Hospitals","Med/Surg","PUI",27
2020-05-06,"All SF Hospitals","Med/Surg","PUI",125
2020-05-07,"All SF Hospitals","Med/Surg","PUI",44
2020-05-08,"All SF Hospitals","Med/Surg","PUI",24
2020-05-09,"All SF Hospitals","Med/Surg","PUI",22
2020-05-10,"All SF Hospitals","Med/Surg","PUI",18
2020-05-11,"All SF Hospitals","Med/Surg","PUI",60
2020-05-12,"All SF Hospitals","Med/Surg","PUI",20
2020-05-13,"All SF Hospitals","Med/Surg","PUI",25
2020-05-14,"All SF Hospitals","Med/Surg","PUI",25
2020-05-15,"All SF Hospitals","Med/Surg","PUI",27
2020-05-16,"All SF Hospitals","Med/Surg","PUI",26
2020-05-17,"All SF Hospitals","Med/Surg","PUI",30
2020-05-18,"All SF Hospitals","Med/Surg","PUI",26
2020-05-19,"All SF Hospitals","Med/Surg","PUI",18
2020-05-20,"All SF Hospitals","Med/Surg","PUI",30
2020-05-21,"All SF Hospitals","Med/Surg","PUI",21
2020-05-22,"All SF Hospitals","Med/Surg","PUI",29
2020-05-23,"All SF Hospitals","Med/Surg","PUI",31
2020-05-24,"All SF Hospitals","Med/Surg","PUI",31
2020-05-25,"All SF Hospitals","Med/Surg","PUI",32
2020-05-26,"All SF Hospitals","Med/Surg","PUI",29
2020-05-27,"All SF Hospitals","Med/Surg","PUI",28
2020-05-28,"All SF Hospitals","Med/Surg","PUI",10
2020-05-29,"All SF Hospitals","Med/Surg","PUI",17
2020-05-30,"All SF Hospitals","Med/Surg","PUI",11
2020-05-31,"All SF Hospitals","Med/Surg","PUI",22
2020-06-01,"All SF Hospitals","Med/Surg","PUI",18
2020-06-02,"All SF Hospitals","Med/Surg","PUI",28
2020-06-03,"All SF Hospitals","Med/Surg","PUI",22
2020-06-04,"All SF Hospitals","Med/Surg","PUI",22
2020-06-05,"All SF Hospitals","Med/Surg","PUI",14
2020-06-06,"All SF Hospitals","Med/Surg","PUI",13
2020-06-07,"All SF Hospitals","Med/Surg","PUI",13
2020-06-08,"All SF Hospitals","Med/Surg","PUI",12
2020-06-09,"All SF Hospitals","Med/Surg","PUI",11
2020-06-10,"All SF Hospitals","Med/Surg","PUI",15
2020-06-11,"All SF Hospitals","Med/Surg","PUI",11
2020-06-12,"All SF Hospitals","Med/Surg","PUI",8
2020-06-13,"All SF Hospitals","Med/Surg","PUI",9
2020-06-14,"All SF Hospitals","Med/Surg","PUI",6
2020-06-15,"All SF Hospitals","Med/Surg","PUI",9
2020-06-16,"All SF Hospitals","Med/Surg","PUI",6
2020-06-17,"All SF Hospitals","Med/Surg","PUI",10
2020-06-18,"All SF Hospitals","Med/Surg","PUI",2
2020-06-19,"All SF Hospitals","Med/Surg","PUI",12
2020-06-20,"All SF Hospitals","Med/Surg","PUI",5
2020-06-21,"All SF Hospitals","Med/Surg","PUI",5
2020-06-22,"All SF Hospitals","Med/Surg","PUI",5
2020-06-23,"All SF Hospitals","Med/Surg","PUI",4
2020-06-24,"All SF Hospitals","Med/Surg","PUI",6
2020-06-25,"All SF Hospitals","Med/Surg","PUI",8
2020-06-26,"All SF Hospitals","Med/Surg","PUI",6
2020-06-27,"All SF Hospitals","Med/Surg","PUI",7
2020-06-28,"All SF Hospitals","Med/Surg","PUI",12
2020-06-29,"All SF Hospitals","Med/Surg","PUI",6
2020-06-30,"All SF Hospitals","Med/Surg","PUI",13
2020-07-01,"All SF Hospitals","Med/Surg","PUI",9
2020-07-02,"All SF Hospitals","Med/Surg","PUI",11
2020-07-03,"All SF Hospitals","Med/Surg","PUI",16
2020-07-04,"All SF Hospitals","Med/Surg","PUI",10
2020-07-05,"All SF Hospitals","Med/Surg","PUI",12
2020-07-06,"All SF Hospitals","Med/Surg","PUI",13
2020-07-07,"All SF Hospitals","Med/Surg","PUI",12
2020-07-08,"All SF Hospitals","Med/Surg","PUI",9
2020-07-09,"All SF Hospitals","Med/Surg","PUI",24
2020-07-10,"All SF Hospitals","Med/Surg","PUI",19
2020-07-11,"All SF Hospitals","Med/Surg","PUI",12
2020-07-12,"All SF Hospitals","Med/Surg","PUI",18
2020-07-13,"All SF Hospitals","Med/Surg","PUI",13
2020-07-14,"All SF Hospitals","Med/Surg","PUI",13
2020-07-15,"All SF Hospitals","Med/Surg","PUI",16
2020-07-16,"All SF Hospitals","Med/Surg","PUI",17
2020-07-17,"All SF Hospitals","Med/Surg","PUI",18
2020-07-18,"All SF Hospitals","Med/Surg","PUI",9
2020-07-19,"All SF Hospitals","Med/Surg","PUI",14
2020-07-20,"All SF Hospitals","Med/Surg","PUI",17
2020-07-21,"All SF Hospitals","Med/Surg","PUI",20
2020-07-22,"All SF Hospitals","Med/Surg","PUI",26
2020-07-23,"All SF Hospitals","Med/Surg","PUI",11
2020-07-24,"All SF Hospitals","Med/Surg","PUI",14
2020-07-25,"All SF Hospitals","Med/Surg","PUI",13
2020-07-26,"All SF Hospitals","Med/Surg","PUI",18
2020-07-27,"All SF Hospitals","Med/Surg","PUI",16
2020-07-28,"All SF Hospitals","Med/Surg","PUI",13
2020-07-29,"All SF Hospitals","Med/Surg","PUI",20
2020-07-30,"All SF Hospitals","Med/Surg","PUI",15
2020-07-31,"All SF Hospitals","Med/Surg","PUI",11
2020-08-01,"All SF Hospitals","Med/Surg","PUI",8
2020-08-02,"All SF Hospitals","Med/Surg","PUI",16
2020-08-03,"All SF Hospitals","Med/Surg","PUI",10
2020-08-04,"All SF Hospitals","Med/Surg","PUI",13
2020-08-05,"All SF Hospitals","Med/Surg","PUI",8
2020-08-06,"All SF Hospitals","Med/Surg","PUI",11
2020-08-07,"All SF Hospitals","Med/Surg","PUI",9
2020-08-08,"All SF Hospitals","Med/Surg","PUI",14
2020-08-09,"All SF Hospitals","Med/Surg","PUI",8
2020-08-10,"All SF Hospitals","Med/Surg","PUI",13
2020-08-11,"All SF Hospitals","Med/Surg","PUI",17
2020-08-12,"All SF Hospitals","Med/Surg","PUI",13
2020-08-13,"All SF Hospitals","Med/Surg","PUI",12
2020-08-14,"All SF Hospitals","Med/Surg","PUI",20
2020-08-15,"All SF Hospitals","Med/Surg","PUI",16
2020-08-16,"All SF Hospitals","Med/Surg","PUI",22
2020-08-17,"All SF Hospitals","Med/Surg","PUI",28
2020-08-18,"All SF Hospitals","Med/Surg","PUI",33
2020-08-19,"All SF Hospitals","Med/Surg","PUI",17
2020-08-20,"All SF Hospitals","Med/Surg","PUI",17
2020-08-21,"All SF Hospitals","Med/Surg","PUI",16
2020-08-22,"All SF Hospitals","Med/Surg","PUI",10
2020-08-23,"All SF Hospitals","Med/Surg","PUI",18
2020-08-24,"All SF Hospitals","Med/Surg","PUI",13
2020-08-25,"All SF Hospitals","Med/Surg","PUI",4
2020-08-26,"All SF Hospitals","Med/Surg","PUI",7
2020-08-27,"All SF Hospitals","Med/Surg","PUI",13
2020-08-28,"All SF Hospitals","Med/Surg","PUI",8
2020-08-29,"All SF Hospitals","Med/Surg","PUI",7
2020-08-30,"All SF Hospitals","Med/Surg","PUI",9
2020-08-31,"All SF Hospitals","Med/Surg","PUI",12
2020-09-01,"All SF Hospitals","Med/Surg","PUI",8
2020-09-02,"All SF Hospitals","Med/Surg","PUI",7
2020-09-03,"All SF Hospitals","Med/Surg","PUI",8
2020-09-04,"All SF Hospitals","Med/Surg","PUI",6
2020-09-05,"All SF Hospitals","Med/Surg","PUI",15
2020-09-06,"All SF Hospitals","Med/Surg","PUI",14
2020-09-07,"All SF Hospitals","Med/Surg","PUI",15
2020-09-08,"All SF Hospitals","Med/Surg","PUI",14
2020-09-09,"All SF Hospitals","Med/Surg","PUI",14
2020-09-10,"All SF Hospitals","Med/Surg","PUI",14
2020-09-11,"All SF Hospitals","Med/Surg","PUI",9
2020-09-12,"All SF Hospitals","Med/Surg","PUI",13
2020-09-13,"All SF Hospitals","Med/Surg","PUI",7
2020-09-14,"All SF Hospitals","Med/Surg","PUI",10
2020-09-15,"All SF Hospitals","Med/Surg","PUI",6
2020-09-16,"All SF Hospitals","Med/Surg","PUI",12
2020-09-17,"All SF Hospitals","Med/Surg","PUI",8
2020-09-18,"All SF Hospitals","Med/Surg","PUI",7
2020-09-19,"All SF Hospitals","Med/Surg","PUI",6
2020-09-20,"All SF Hospitals","Med/Surg","PUI",2
2020-09-21,"All SF Hospitals","Med/Surg","PUI",5
2020-09-22,"All SF Hospitals","Med/Surg","PUI",3
2020-09-23,"All SF Hospitals","Med/Surg","PUI",4
2020-09-24,"All SF Hospitals","Med/Surg","PUI",5
2020-09-25,"All SF Hospitals","Med/Surg","PUI",5
2020-09-26,"All SF Hospitals","Med/Surg","PUI",3
2020-09-27,"All SF Hospitals","Med/Surg","PUI",2
2020-09-28,"All SF Hospitals","Med/Surg","PUI",4
2020-09-29,"All SF Hospitals","Med/Surg","PUI",7
2020-09-30,"All SF Hospitals","Med/Surg","PUI",6
2020-10-01,"All SF Hospitals","Med/Surg","PUI",5
2020-10-02,"All SF Hospitals","Med/Surg","PUI",4
2020-10-03,"All SF Hospitals","Med/Surg","PUI",6
2020-10-04,"All SF Hospitals","Med/Surg","PUI",6
2020-10-05,"All SF Hospitals","Med/Surg","PUI",3
2020-10-06,"All SF Hospitals","Med/Surg","PUI",7
2020-10-07,"All SF Hospitals","Med/Surg","PUI",1
2020-10-08,"All SF Hospitals","Med/Surg","PUI",6
2020-10-09,"All SF Hospitals","Med/Surg","PUI",4
2020-10-10,"All SF Hospitals","Med/Surg","PUI",4
2020-10-11,"All SF Hospitals","Med/Surg","PUI",3
2020-10-12,"All SF Hospitals","Med/Surg","PUI",3
2020-10-13,"All SF Hospitals","Med/Surg","PUI",6
2020-10-14,"All SF Hospitals","Med/Surg","PUI",6
2020-10-15,"All SF Hospitals","Med/Surg","PUI",4
2020-10-16,"All SF Hospitals","Med/Surg","PUI",2
2020-10-17,"All SF Hospitals","Med/Surg","PUI",1
2020-10-18,"All SF Hospitals","Med/Surg","PUI",3
2020-10-19,"All SF Hospitals","Med/Surg","PUI",4
2020-10-20,"All SF Hospitals","Med/Surg","PUI",6
2020-10-21,"All SF Hospitals","Med/Surg","PUI",1
2020-10-22,"All SF Hospitals","Med/Surg","PUI",1
2020-10-23,"All SF Hospitals","Med/Surg","PUI",4
2020-10-24,"All SF Hospitals","Med/Surg","PUI",3
2020-10-25,"All SF Hospitals","Med/Surg","PUI",4
2020-10-26,"All SF Hospitals","Med/Surg","PUI",1
2020-10-27,"All SF Hospitals","Med/Surg","PUI",1
2020-10-28,"All SF Hospitals","Med/Surg","PUI",2
2020-10-29,"All SF Hospitals","Med/Surg","PUI",4
2020-10-30,"All SF Hospitals","Med/Surg","PUI",4
2020-10-31,"All SF Hospitals","Med/Surg","PUI",3
2020-11-01,"All SF Hospitals","Med/Surg","PUI",1
2020-11-02,"All SF Hospitals","Med/Surg","PUI",4
2020-11-03,"All SF Hospitals","Med/Surg","PUI",3
2020-11-04,"All SF Hospitals","Med/Surg","PUI",2
2020-11-05,"All SF Hospitals","Med/Surg","PUI",3
2020-11-06,"All SF Hospitals","Med/Surg","PUI",3
2020-11-07,"All SF Hospitals","Med/Surg","PUI",1
2020-11-08,"All SF Hospitals","Med/Surg","PUI",2
2020-11-09,"All SF Hospitals","Med/Surg","PUI",2
2020-11-10,"All SF Hospitals","Med/Surg","PUI",6
2020-11-11,"All SF Hospitals","Med/Surg","PUI",6
2020-11-12,"All SF Hospitals","Med/Surg","PUI",6
2020-11-13,"All SF Hospitals","Med/Surg","PUI",1
2020-11-14,"All SF Hospitals","Med/Surg","PUI",2
2020-11-15,"All SF Hospitals","Med/Surg","PUI",4
2020-11-16,"All SF Hospitals","Med/Surg","PUI",8
2020-11-17,"All SF Hospitals","Med/Surg","PUI",8
2020-11-18,"All SF Hospitals","Med/Surg","PUI",2
2020-11-19,"All SF Hospitals","Med/Surg","PUI",1
2020-11-20,"All SF Hospitals","Med/Surg","PUI",4
2020-11-21,"All SF Hospitals","Med/Surg","PUI",2
2020-11-22,"All SF Hospitals","Med/Surg","PUI",2
2020-11-23,"All SF Hospitals","Med/Surg","PUI",2
2020-11-24,"All SF Hospitals","Med/Surg","PUI",2
2020-11-25,"All SF Hospitals","Med/Surg","PUI",3
2020-11-26,"All SF Hospitals","Med/Surg","PUI",3
2020-11-27,"All SF Hospitals","Med/Surg","PUI",2
2020-11-28,"All SF Hospitals","Med/Surg","PUI",1
2020-11-29,"All SF Hospitals","Med/Surg","PUI",0
2020-11-30,"All SF Hospitals","Med/Surg","PUI",4
2020-12-01,"All SF Hospitals","Med/Surg","PUI",5
2020-12-02,"All SF Hospitals","Med/Surg","PUI",3
2020-12-03,"All SF Hospitals","Med/Surg","PUI",3
2020-12-04,"All SF Hospitals","Med/Surg","PUI",5
2020-12-05,"All SF Hospitals","Med/Surg","PUI",1
2020-12-06,"All SF Hospitals","Med/Surg","PUI",6
2020-12-07,"All SF Hospitals","Med/Surg","PUI",6
2020-12-08,"All SF Hospitals","Med/Surg","PUI",6
2020-12-09,"All SF Hospitals","Med/Surg","PUI",3
2020-12-10,"All SF Hospitals","Med/Surg","PUI",8
2020-12-11,"All SF Hospitals","Med/Surg","PUI",5
2020-12-12,"All SF Hospitals","Med/Surg","PUI",7
2020-12-13,"All SF Hospitals","Med/Surg","PUI",7
2020-12-14,"All SF Hospitals","Med/Surg","PUI",8
2020-12-15,"All SF Hospitals","Med/Surg","PUI",8
2020-12-16,"All SF Hospitals","Med/Surg","PUI",6
2020-12-17,"All SF Hospitals","Med/Surg","PUI",7
2020-12-18,"All SF Hospitals","Med/Surg","PUI",6
2020-12-19,"All SF Hospitals","Med/Surg","PUI",3
2020-12-20,"All SF Hospitals","Med/Surg","PUI",8
2020-12-21,"All SF Hospitals","Med/Surg","PUI",10
2020-12-22,"All SF Hospitals","Med/Surg","PUI",12
2020-12-23,"All SF Hospitals","Med/Surg","PUI",12
2020-12-24,"All SF Hospitals","Med/Surg","PUI",5
2020-12-25,"All SF Hospitals","Med/Surg","PUI",3
2020-12-26,"All SF Hospitals","Med/Surg","PUI",5
2020-12-27,"All SF Hospitals","Med/Surg","PUI",3
2020-12-28,"All SF Hospitals","Med/Surg","PUI",3
2020-12-29,"All SF Hospitals","Med/Surg","PUI",1
2020-12-30,"All SF Hospitals","Med/Surg","PUI",6
2020-12-31,"All SF Hospitals","Med/Surg","PUI",4
2021-01-01,"All SF Hospitals","Med/Surg","PUI",4
2021-01-02,"All SF Hospitals","Med/Surg","PUI",4
2021-01-03,"All SF Hospitals","Med/Surg","PUI",3
2021-01-04,"All SF Hospitals","Med/Surg","PUI",7
2021-01-05,"All SF Hospitals","Med/Surg","PUI",9
2021-01-06,"All SF Hospitals","Med/Surg","PUI",6
2021-01-07,"All SF Hospitals","Med/Surg","PUI",5
2021-01-08,"All SF Hospitals","Med/Surg","PUI",8
2021-01-09,"All SF Hospitals","Med/Surg","PUI",11
2021-01-10,"All SF Hospitals","Med/Surg","PUI",4
2021-01-11,"All SF Hospitals","Med/Surg","PUI",4
2021-01-12,"All SF Hospitals","Med/Surg","PUI",3
2021-01-13,"All SF Hospitals","Med/Surg","PUI",4
2021-01-14,"All SF Hospitals","Med/Surg","PUI",3
2021-01-15,"All SF Hospitals","Med/Surg","PUI",6
2021-01-16,"All SF Hospitals","Med/Surg","PUI",3
2021-01-17,"All SF Hospitals","Med/Surg","PUI",3
2021-01-18,"All SF Hospitals","Med/Surg","PUI",5
2021-01-19,"All SF Hospitals","Med/Surg","PUI",10
2021-01-20,"All SF Hospitals","Med/Surg","PUI",3
2021-01-21,"All SF Hospitals","Med/Surg","PUI",11
2021-01-22,"All SF Hospitals","Med/Surg","PUI",3
2021-01-23,"All SF Hospitals","Med/Surg","PUI",1
2021-01-24,"All SF Hospitals","Med/Surg","PUI",6
2021-01-25,"All SF Hospitals","Med/Surg","PUI",3
2021-01-26,"All SF Hospitals","Med/Surg","PUI",1
2021-01-27,"All SF Hospitals","Med/Surg","PUI",2
2021-01-28,"All SF Hospitals","Med/Surg","PUI",4
2021-01-29,"All SF Hospitals","Med/Surg","PUI",4
2021-01-30,"All SF Hospitals","Med/Surg","PUI",4
2021-01-31,"All SF Hospitals","Med/Surg","PUI",1
2021-02-01,"All SF Hospitals","Med/Surg","PUI",7
2021-02-02,"All SF Hospitals","Med/Surg","PUI",9
2021-02-03,"All SF Hospitals","Med/Surg","PUI",4
2021-02-04,"All SF Hospitals","Med/Surg","PUI",4
2021-02-05,"All SF Hospitals","Med/Surg","PUI",5
2021-02-06,"All SF Hospitals","Med/Surg","PUI",3
2021-02-07,"All SF Hospitals","Med/Surg","PUI",2
2021-02-08,"All SF Hospitals","Med/Surg","PUI",1
2021-02-09,"All SF Hospitals","Med/Surg","PUI",1
2021-02-10,"All SF Hospitals","Med/Surg","PUI",1
2021-02-11,"All SF Hospitals","Med/Surg","PUI",2
2021-02-12,"All SF Hospitals","Med/Surg","PUI",3
2021-02-13,"All SF Hospitals","Med/Surg","PUI",1
2021-02-14,"All SF Hospitals","Med/Surg","PUI",5
2021-02-15,"All SF Hospitals","Med/Surg","PUI",5
2021-02-16,"All SF Hospitals","Med/Surg","PUI",7
2021-02-17,"All SF Hospitals","Med/Surg","PUI",5
2021-02-18,"All SF Hospitals","Med/Surg","PUI",6
2021-02-19,"All SF Hospitals","Med/Surg","PUI",5
2021-02-20,"All SF Hospitals","Med/Surg","PUI",4
2021-02-21,"All SF Hospitals","Med/Surg","PUI",6
2021-02-22,"All SF Hospitals","Med/Surg","PUI",6
2021-02-23,"All SF Hospitals","Med/Surg","PUI",6
2021-02-24,"All SF Hospitals","Med/Surg","PUI",1
2021-02-25,"All SF Hospitals","Med/Surg","PUI",3
2021-02-26,"All SF Hospitals","Med/Surg","PUI",4
2021-02-27,"All SF Hospitals","Med/Surg","PUI",2
2021-02-28,"All SF Hospitals","Med/Surg","PUI",3
2021-03-01,"All SF Hospitals","Med/Surg","PUI",2
2021-03-02,"All SF Hospitals","Med/Surg","PUI",9
2021-03-03,"All SF Hospitals","Med/Surg","PUI",11
2021-03-04,"All SF Hospitals","Med/Surg","PUI",10
2021-03-05,"All SF Hospitals","Med/Surg","PUI",4
2021-03-06,"All SF Hospitals","Med/Surg","PUI",11
2021-03-07,"All SF Hospitals","Med/Surg","PUI",8
2021-03-08,"All SF Hospitals","Med/Surg","PUI",11
2021-03-09,"All SF Hospitals","Med/Surg","PUI",9
2021-03-10,"All SF Hospitals","Med/Surg","PUI",10
2021-03-11,"All SF Hospitals","Med/Surg","PUI",3
2021-03-12,"All SF Hospitals","Med/Surg","PUI",8
2021-03-13,"All SF Hospitals","Med/Surg","PUI",8
2021-03-14,"All SF Hospitals","Med/Surg","PUI",3
2021-03-15,"All SF Hospitals","Med/Surg","PUI",5
2021-03-16,"All SF Hospitals","Med/Surg","PUI",2
2021-03-17,"All SF Hospitals","Med/Surg","PUI",3
2021-03-18,"All SF Hospitals","Med/Surg","PUI",3
2021-03-19,"All SF Hospitals","Med/Surg","PUI",2
2021-03-20,"All SF Hospitals","Med/Surg","PUI",3
2021-03-21,"All SF Hospitals","Med/Surg","PUI",2
2021-03-22,"All SF Hospitals","Med/Surg","PUI",6
2021-03-23,"All SF Hospitals","Med/Surg","PUI",13
2021-03-24,"All SF Hospitals","Med/Surg","PUI",8
2021-03-25,"All SF Hospitals","Med/Surg","PUI",9
2021-03-26,"All SF Hospitals","Med/Surg","PUI",8
2021-03-27,"All SF Hospitals","Med/Surg","PUI",5
2021-03-28,"All SF Hospitals","Med/Surg","PUI",6
2021-03-29,"All SF Hospitals","Med/Surg","PUI",8
2021-03-30,"All SF Hospitals","Med/Surg","PUI",2
2021-03-31,"All SF Hospitals","Med/Surg","PUI",7
2021-04-01,"All SF Hospitals","Med/Surg","PUI",6
2021-04-02,"All SF Hospitals","Med/Surg","PUI",5
2021-04-03,"All SF Hospitals","Med/Surg","PUI",8
2021-04-04,"All SF Hospitals","Med/Surg","PUI",5
2021-04-05,"All SF Hospitals","Med/Surg","PUI",1
2021-04-06,"All SF Hospitals","Med/Surg","PUI",2
2021-04-07,"All SF Hospitals","Med/Surg","PUI",5
2021-04-08,"All SF Hospitals","Med/Surg","PUI",5
2021-04-09,"All SF Hospitals","Med/Surg","PUI",1
2021-04-10,"All SF Hospitals","Med/Surg","PUI",6
2021-04-11,"All SF Hospitals","Med/Surg","PUI",3
2021-04-12,"All SF Hospitals","Med/Surg","PUI",7
2021-04-13,"All SF Hospitals","Med/Surg","PUI",5
2021-04-14,"All SF Hospitals","Med/Surg","PUI",6
2021-04-15,"All SF Hospitals","Med/Surg","PUI",2
2021-04-16,"All SF Hospitals","Med/Surg","PUI",3
2021-04-17,"All SF Hospitals","Med/Surg","PUI",6
2021-04-18,"All SF Hospitals","Med/Surg","PUI",6
2021-04-19,"All SF Hospitals","Med/Surg","PUI",2
2021-04-20,"All SF Hospitals","Med/Surg","PUI",1
2021-04-21,"All SF Hospitals","Med/Surg","PUI",3
2021-04-22,"All SF Hospitals","Med/Surg","PUI",3
2021-04-23,"All SF Hospitals","Med/Surg","PUI",4
2021-04-24,"All SF Hospitals","Med/Surg","PUI",6
2021-04-25,"All SF Hospitals","Med/Surg","PUI",7
2021-04-26,"All SF Hospitals","Med/Surg","PUI",1
2021-04-27,"All SF Hospitals","Med/Surg","PUI",9
2021-04-28,"All SF Hospitals","Med/Surg","PUI",5
2021-04-29,"All SF Hospitals","Med/Surg","PUI",4
2021-04-30,"All SF Hospitals","Med/Surg","PUI",4
2021-05-01,"All SF Hospitals","Med/Surg","PUI",8
2021-05-02,"All SF Hospitals","Med/Surg","PUI",3
2021-05-03,"All SF Hospitals","Med/Surg","PUI",3
2021-05-04,"All SF Hospitals","Med/Surg","PUI",6
2021-05-05,"All SF Hospitals","Med/Surg","PUI",4
2021-05-06,"All SF Hospitals","Med/Surg","PUI",10
2021-05-07,"All SF Hospitals","Med/Surg","PUI",6
2021-05-08,"All SF Hospitals","Med/Surg","PUI",4
2021-05-09,"All SF Hospitals","Med/Surg","PUI",1
2021-05-10,"All SF Hospitals","Med/Surg","PUI",4
2021-05-11,"All SF Hospitals","Med/Surg","PUI",6
2021-05-12,"All SF Hospitals","Med/Surg","PUI",4
2021-05-13,"All SF Hospitals","Med/Surg","PUI",1
2021-05-14,"All SF Hospitals","Med/Surg","PUI",1
2021-05-15,"All SF Hospitals","Med/Surg","PUI",3
2021-05-16,"All SF Hospitals","Med/Surg","PUI",2
2021-05-17,"All SF Hospitals","Med/Surg","PUI",5
2021-05-18,"All SF Hospitals","Med/Surg","PUI",6
2021-05-19,"All SF Hospitals","Med/Surg","PUI",4
2021-05-20,"All SF Hospitals","Med/Surg","PUI",6
2021-05-21,"All SF Hospitals","Med/Surg","PUI",5
2021-05-22,"All SF Hospitals","Med/Surg","PUI",3
2021-05-23,"All SF Hospitals","Med/Surg","PUI",3
2021-05-24,"All SF Hospitals","Med/Surg","PUI",8
2021-05-25,"All SF Hospitals","Med/Surg","PUI",4
2021-05-26,"All SF Hospitals","Med/Surg","PUI",3
2021-05-27,"All SF Hospitals","Med/Surg","PUI",5
2021-05-28,"All SF Hospitals","Med/Surg","PUI",1
2021-05-29,"All SF Hospitals","Med/Surg","PUI",4
2020-03-23,"All SF Hospitals","ICU","PUI",21
2020-03-24,"All SF Hospitals","ICU","PUI",15
2020-03-25,"All SF Hospitals","ICU","PUI",12
2020-03-26,"All SF Hospitals","ICU","PUI",13
2020-03-27,"All SF Hospitals","ICU","PUI",10
2020-03-28,"All SF Hospitals","ICU","PUI",10
2020-03-29,"All SF Hospitals","ICU","PUI",16
2020-03-30,"All SF Hospitals","ICU","PUI",7
2020-03-31,"All SF Hospitals","ICU","PUI",7
2020-04-01,"All SF Hospitals","ICU","PUI",15
2020-04-02,"All SF Hospitals","ICU","PUI",8
2020-04-03,"All SF Hospitals","ICU","PUI",5
2020-04-04,"All SF Hospitals","ICU","PUI",14
2020-04-05,"All SF Hospitals","ICU","PUI",11
2020-04-06,"All SF Hospitals","ICU","PUI",10
2020-04-07,"All SF Hospitals","ICU","PUI",8
2020-04-08,"All SF Hospitals","ICU","PUI",14
2020-04-09,"All SF Hospitals","ICU","PUI",12
2020-04-10,"All SF Hospitals","ICU","PUI",13
2020-04-11,"All SF Hospitals","ICU","PUI",7
2020-04-12,"All SF Hospitals","ICU","PUI",9
2020-04-13,"All SF Hospitals","ICU","PUI",5
2020-04-14,"All SF Hospitals","ICU","PUI",7
2020-04-15,"All SF Hospitals","ICU","PUI",9
2020-04-16,"All SF Hospitals","ICU","PUI",9
2020-04-17,"All SF Hospitals","ICU","PUI",8
2020-04-18,"All SF Hospitals","ICU","PUI",9
2020-04-19,"All SF Hospitals","ICU","PUI",7
2020-04-20,"All SF Hospitals","ICU","PUI",5
2020-04-21,"All SF Hospitals","ICU","PUI",4
2020-04-22,"All SF Hospitals","ICU","PUI",6
2020-04-23,"All SF Hospitals","ICU","PUI",5
2020-04-24,"All SF Hospitals","ICU","PUI",3
2020-04-25,"All SF Hospitals","ICU","PUI",4
2020-04-26,"All SF Hospitals","ICU","PUI",2
2020-04-27,"All SF Hospitals","ICU","PUI",9
2020-04-28,"All SF Hospitals","ICU","PUI",8
2020-04-29,"All SF Hospitals","ICU","PUI",1
2020-04-30,"All SF Hospitals","ICU","PUI",1
2020-05-01,"All SF Hospitals","ICU","PUI",6
2020-05-02,"All SF Hospitals","ICU","PUI",3
2020-05-03,"All SF Hospitals","ICU","PUI",2
2020-05-04,"All SF Hospitals","ICU","PUI",0
2020-05-05,"All SF Hospitals","ICU","PUI",9
2020-05-06,"All SF Hospitals","ICU","PUI",1
2020-05-07,"All SF Hospitals","ICU","PUI",3
2020-05-08,"All SF Hospitals","ICU","PUI",6
2020-05-09,"All SF Hospitals","ICU","PUI",7
2020-05-10,"All SF Hospitals","ICU","PUI",10
2020-05-11,"All SF Hospitals","ICU","PUI",7
2020-05-12,"All SF Hospitals","ICU","PUI",6
2020-05-13,"All SF Hospitals","ICU","PUI",7
2020-05-14,"All SF Hospitals","ICU","PUI",9
2020-05-15,"All SF Hospitals","ICU","PUI",4
2020-05-16,"All SF Hospitals","ICU","PUI",5
2020-05-17,"All SF Hospitals","ICU","PUI",9
2020-05-18,"All SF Hospitals","ICU","PUI",2
2020-05-19,"All SF Hospitals","ICU","PUI",6
2020-05-20,"All SF Hospitals","ICU","PUI",13
2020-05-21,"All SF Hospitals","ICU","PUI",11
2020-05-22,"All SF Hospitals","ICU","PUI",7
2020-05-23,"All SF Hospitals","ICU","PUI",10
2020-05-24,"All SF Hospitals","ICU","PUI",6
2020-05-25,"All SF Hospitals","ICU","PUI",14
2020-05-26,"All SF Hospitals","ICU","PUI",18
2020-05-27,"All SF Hospitals","ICU","PUI",8
2020-05-28,"All SF Hospitals","ICU","PUI",7
2020-05-29,"All SF Hospitals","ICU","PUI",4
2020-05-30,"All SF Hospitals","ICU","PUI",5
2020-05-31,"All SF Hospitals","ICU","PUI",4
2020-06-01,"All SF Hospitals","ICU","PUI",6
2020-06-02,"All SF Hospitals","ICU","PUI",5
2020-06-03,"All SF Hospitals","ICU","PUI",5
2020-06-04,"All SF Hospitals","ICU","PUI",7
2020-06-05,"All SF Hospitals","ICU","PUI",4
2020-06-06,"All SF Hospitals","ICU","PUI",1
2020-06-07,"All SF Hospitals","ICU","PUI",0
2020-06-08,"All SF Hospitals","ICU","PUI",1
2020-06-09,"All SF Hospitals","ICU","PUI",0
2020-06-10,"All SF Hospitals","ICU","PUI",0
2020-06-11,"All SF Hospitals","ICU","PUI",1
2020-06-12,"All SF Hospitals","ICU","PUI",0
2020-06-13,"All SF Hospitals","ICU","PUI",3
2020-06-14,"All SF Hospitals","ICU","PUI",0
2020-06-15,"All SF Hospitals","ICU","PUI",0
2020-06-16,"All SF Hospitals","ICU","PUI",3
2020-06-17,"All SF Hospitals","ICU","PUI",2
2020-06-18,"All SF Hospitals","ICU","PUI",4
2020-06-19,"All SF Hospitals","ICU","PUI",5
2020-06-20,"All SF Hospitals","ICU","PUI",1
2020-06-21,"All SF Hospitals","ICU","PUI",2
2020-06-22,"All SF Hospitals","ICU","PUI",2
2020-06-23,"All SF Hospitals","ICU","PUI",3
2020-06-24,"All SF Hospitals","ICU","PUI",3
2020-06-25,"All SF Hospitals","ICU","PUI",5
2020-06-26,"All SF Hospitals","ICU","PUI",3
2020-06-27,"All SF Hospitals","ICU","PUI",4
2020-06-28,"All SF Hospitals","ICU","PUI",4
2020-06-29,"All SF Hospitals","ICU","PUI",5
2020-06-30,"All SF Hospitals","ICU","PUI",2
2020-07-01,"All SF Hospitals","ICU","PUI",1
2020-07-02,"All SF Hospitals","ICU","PUI",1
2020-07-03,"All SF Hospitals","ICU","PUI",2
2020-07-04,"All SF Hospitals","ICU","PUI",1
2020-07-05,"All SF Hospitals","ICU","PUI",1
2020-07-06,"All SF Hospitals","ICU","PUI",0
2020-07-07,"All SF Hospitals","ICU","PUI",3
2020-07-08,"All SF Hospitals","ICU","PUI",2
2020-07-09,"All SF Hospitals","ICU","PUI",1
2020-07-10,"All SF Hospitals","ICU","PUI",2
2020-07-11,"All SF Hospitals","ICU","PUI",1
2020-07-12,"All SF Hospitals","ICU","PUI",1
2020-07-13,"All SF Hospitals","ICU","PUI",0
2020-07-14,"All SF Hospitals","ICU","PUI",0
2020-07-15,"All SF Hospitals","ICU","PUI",0
2020-07-16,"All SF Hospitals","ICU","PUI",1
2020-07-17,"All SF Hospitals","ICU","PUI",2
2020-07-18,"All SF Hospitals","ICU","PUI",1
2020-07-19,"All SF Hospitals","ICU","PUI",2
2020-07-20,"All SF Hospitals","ICU","PUI",1
2020-07-21,"All SF Hospitals","ICU","PUI",3
2020-07-22,"All SF Hospitals","ICU","PUI",1
2020-07-23,"All SF Hospitals","ICU","PUI",3
2020-07-24,"All SF Hospitals","ICU","PUI",6
2020-07-25,"All SF Hospitals","ICU","PUI",5
2020-07-26,"All SF Hospitals","ICU","PUI",1
2020-07-27,"All SF Hospitals","ICU","PUI",2
2020-07-28,"All SF Hospitals","ICU","PUI",2
2020-07-29,"All SF Hospitals","ICU","PUI",3
2020-07-30,"All SF Hospitals","ICU","PUI",1
2020-07-31,"All SF Hospitals","ICU","PUI",1
2020-08-01,"All SF Hospitals","ICU","PUI",4
2020-08-02,"All SF Hospitals","ICU","PUI",1
2020-08-03,"All SF Hospitals","ICU","PUI",1
2020-08-04,"All SF Hospitals","ICU","PUI",0
2020-08-05,"All SF Hospitals","ICU","PUI",1
2020-08-06,"All SF Hospitals","ICU","PUI",0
2020-08-07,"All SF Hospitals","ICU","PUI",2
2020-08-08,"All SF Hospitals","ICU","PUI",2
2020-08-09,"All SF Hospitals","ICU","PUI",4
2020-08-10,"All SF Hospitals","ICU","PUI",5
2020-08-11,"All SF Hospitals","ICU","PUI",4
2020-08-12,"All SF Hospitals","ICU","PUI",1
2020-08-13,"All SF Hospitals","ICU","PUI",1
2020-08-14,"All SF Hospitals","ICU","PUI",5
2020-08-15,"All SF Hospitals","ICU","PUI",2
2020-08-16,"All SF Hospitals","ICU","PUI",3
2020-08-17,"All SF Hospitals","ICU","PUI",5
2020-08-18,"All SF Hospitals","ICU","PUI",2
2020-08-19,"All SF Hospitals","ICU","PUI",1
2020-08-20,"All SF Hospitals","ICU","PUI",1
2020-08-21,"All SF Hospitals","ICU","PUI",0
2020-08-22,"All SF Hospitals","ICU","PUI",1
2020-08-23,"All SF Hospitals","ICU","PUI",1
2020-08-24,"All SF Hospitals","ICU","PUI",0
2020-08-25,"All SF Hospitals","ICU","PUI",2
2020-08-26,"All SF Hospitals","ICU","PUI",1
2020-08-27,"All SF Hospitals","ICU","PUI",0
2020-08-28,"All SF Hospitals","ICU","PUI",0
2020-08-29,"All SF Hospitals","ICU","PUI",0
2020-08-30,"All SF Hospitals","ICU","PUI",0
2020-08-31,"All SF Hospitals","ICU","PUI",0
2020-09-01,"All SF Hospitals","ICU","PUI",0
2020-09-02,"All SF Hospitals","ICU","PUI",1
2020-09-03,"All SF Hospitals","ICU","PUI",0
2020-09-04,"All SF Hospitals","ICU","PUI",0
2020-09-05,"All SF Hospitals","ICU","PUI",2
2020-09-06,"All SF Hospitals","ICU","PUI",1
2020-09-07,"All SF Hospitals","ICU","PUI",1
2020-09-08,"All SF Hospitals","ICU","PUI",1
2020-09-09,"All SF Hospitals","ICU","PUI",3
2020-09-10,"All SF Hospitals","ICU","PUI",0
2020-09-11,"All SF Hospitals","ICU","PUI",2
2020-09-12,"All SF Hospitals","ICU","PUI",0
2020-09-13,"All SF Hospitals","ICU","PUI",1
2020-09-14,"All SF Hospitals","ICU","PUI",0
2020-09-15,"All SF Hospitals","ICU","PUI",3
2020-09-16,"All SF Hospitals","ICU","PUI",4
2020-09-17,"All SF Hospitals","ICU","PUI",2
2020-09-18,"All SF Hospitals","ICU","PUI",0
2020-09-19,"All SF Hospitals","ICU","PUI",0
2020-09-20,"All SF Hospitals","ICU","PUI",0
2020-09-21,"All SF Hospitals","ICU","PUI",3
2020-09-22,"All SF Hospitals","ICU","PUI",5
2020-09-23,"All SF Hospitals","ICU","PUI",5
2020-09-24,"All SF Hospitals","ICU","PUI",5
2020-09-25,"All SF Hospitals","ICU","PUI",3
2020-09-26,"All SF Hospitals","ICU","PUI",0
2020-09-27,"All SF Hospitals","ICU","PUI",1
2020-09-28,"All SF Hospitals","ICU","PUI",1
2020-09-29,"All SF Hospitals","ICU","PUI",2
2020-09-30,"All SF Hospitals","ICU","PUI",0
2020-10-01,"All SF Hospitals","ICU","PUI",2
2020-10-02,"All SF Hospitals","ICU","PUI",0
2020-10-03,"All SF Hospitals","ICU","PUI",0
2020-10-04,"All SF Hospitals","ICU","PUI",0
2020-10-05,"All SF Hospitals","ICU","PUI",1
2020-10-06,"All SF Hospitals","ICU","PUI",1
2020-10-07,"All SF Hospitals","ICU","PUI",1
2020-10-08,"All SF Hospitals","ICU","PUI",2
2020-10-09,"All SF Hospitals","ICU","PUI",1
2020-10-10,"All SF Hospitals","ICU","PUI",1
2020-10-11,"All SF Hospitals","ICU","PUI",2
2020-10-12,"All SF Hospitals","ICU","PUI",1
2020-10-13,"All SF Hospitals","ICU","PUI",2
2020-10-14,"All SF Hospitals","ICU","PUI",2
2020-10-15,"All SF Hospitals","ICU","PUI",0
2020-10-16,"All SF Hospitals","ICU","PUI",1
2020-10-17,"All SF Hospitals","ICU","PUI",2
2020-10-18,"All SF Hospitals","ICU","PUI",2
2020-10-19,"All SF Hospitals","ICU","PUI",1
2020-10-20,"All SF Hospitals","ICU","PUI",4
2020-10-21,"All SF Hospitals","ICU","PUI",3
2020-10-22,"All SF Hospitals","ICU","PUI",3
2020-10-23,"All SF Hospitals","ICU","PUI",1
2020-10-24,"All SF Hospitals","ICU","PUI",1
2020-10-25,"All SF Hospitals","ICU","PUI",1
2020-10-26,"All SF Hospitals","ICU","PUI",0
2020-10-27,"All SF Hospitals","ICU","PUI",0
2020-10-28,"All SF Hospitals","ICU","PUI",1
2020-10-29,"All SF Hospitals","ICU","PUI",1
2020-10-30,"All SF Hospitals","ICU","PUI",0
2020-10-31,"All SF Hospitals","ICU","PUI",0
2020-11-01,"All SF Hospitals","ICU","PUI",1
2020-11-02,"All SF Hospitals","ICU","PUI",1
2020-11-03,"All SF Hospitals","ICU","PUI",1
2020-11-04,"All SF Hospitals","ICU","PUI",1
2020-11-05,"All SF Hospitals","ICU","PUI",1
2020-11-06,"All SF Hospitals","ICU","PUI",2
2020-11-07,"All SF Hospitals","ICU","PUI",1
2020-11-08,"All SF Hospitals","ICU","PUI",1
2020-11-09,"All SF Hospitals","ICU","PUI",1
2020-11-10,"All SF Hospitals","ICU","PUI",0
2020-11-11,"All SF Hospitals","ICU","PUI",1
2020-11-12,"All SF Hospitals","ICU","PUI",0
2020-11-13,"All SF Hospitals","ICU","PUI",1
2020-11-14,"All SF Hospitals","ICU","PUI",1
2020-11-15,"All SF Hospitals","ICU","PUI",2
2020-11-16,"All SF Hospitals","ICU","PUI",3
2020-11-17,"All SF Hospitals","ICU","PUI",2
2020-11-18,"All SF Hospitals","ICU","PUI",4
2020-11-19,"All SF Hospitals","ICU","PUI",3
2020-11-20,"All SF Hospitals","ICU","PUI",2
2020-11-21,"All SF Hospitals","ICU","PUI",2
2020-11-22,"All SF Hospitals","ICU","PUI",0
2020-11-23,"All SF Hospitals","ICU","PUI",0
2020-11-24,"All SF Hospitals","ICU","PUI",2
2020-11-25,"All SF Hospitals","ICU","PUI",0
2020-11-26,"All SF Hospitals","ICU","PUI",1
2020-11-27,"All SF Hospitals","ICU","PUI",1
2020-11-28,"All SF Hospitals","ICU","PUI",0
2020-11-29,"All SF Hospitals","ICU","PUI",0
2020-11-30,"All SF Hospitals","ICU","PUI",0
2020-12-01,"All SF Hospitals","ICU","PUI",0
2020-12-02,"All SF Hospitals","ICU","PUI",1
2020-12-03,"All SF Hospitals","ICU","PUI",2
2020-12-04,"All SF Hospitals","ICU","PUI",0
2020-12-05,"All SF Hospitals","ICU","PUI",3
2020-12-06,"All SF Hospitals","ICU","PUI",0
2020-12-07,"All SF Hospitals","ICU","PUI",0
2020-12-08,"All SF Hospitals","ICU","PUI",1
2020-12-09,"All SF Hospitals","ICU","PUI",1
2020-12-10,"All SF Hospitals","ICU","PUI",0
2020-12-11,"All SF Hospitals","ICU","PUI",1
2020-12-12,"All SF Hospitals","ICU","PUI",1
2020-12-13,"All SF Hospitals","ICU","PUI",1
2020-12-14,"All SF Hospitals","ICU","PUI",0
2020-12-15,"All SF Hospitals","ICU","PUI",0
2020-12-16,"All SF Hospitals","ICU","PUI",3
2020-12-17,"All SF Hospitals","ICU","PUI",2
2020-12-18,"All SF Hospitals","ICU","PUI",0
2020-12-19,"All SF Hospitals","ICU","PUI",1
2020-12-20,"All SF Hospitals","ICU","PUI",1
2020-12-21,"All SF Hospitals","ICU","PUI",0
2020-12-22,"All SF Hospitals","ICU","PUI",1
2020-12-23,"All SF Hospitals","ICU","PUI",0
2020-12-24,"All SF Hospitals","ICU","PUI",1
2020-12-25,"All SF Hospitals","ICU","PUI",1
2020-12-26,"All SF Hospitals","ICU","PUI",0
2020-12-27,"All SF Hospitals","ICU","PUI",2
2020-12-28,"All SF Hospitals","ICU","PUI",3
2020-12-29,"All SF Hospitals","ICU","PUI",2
2020-12-30,"All SF Hospitals","ICU","PUI",2
2020-12-31,"All SF Hospitals","ICU","PUI",1
2021-01-01,"All SF Hospitals","ICU","PUI",1
2021-01-02,"All SF Hospitals","ICU","PUI",1
2021-01-03,"All SF Hospitals","ICU","PUI",2
2021-01-04,"All SF Hospitals","ICU","PUI",1
2021-01-05,"All SF Hospitals","ICU","PUI",1
2021-01-06,"All SF Hospitals","ICU","PUI",0
2021-01-07,"All SF Hospitals","ICU","PUI",0
2021-01-08,"All SF Hospitals","ICU","PUI",0
2021-01-09,"All SF Hospitals","ICU","PUI",0
2021-01-10,"All SF Hospitals","ICU","PUI",1
2021-01-11,"All SF Hospitals","ICU","PUI",5
2021-01-12,"All SF Hospitals","ICU","PUI",3
2021-01-13,"All SF Hospitals","ICU","PUI",2
2021-01-14,"All SF Hospitals","ICU","PUI",2
2021-01-15,"All SF Hospitals","ICU","PUI",2
2021-01-16,"All SF Hospitals","ICU","PUI",5
2021-01-17,"All SF Hospitals","ICU","PUI",0
2021-01-18,"All SF Hospitals","ICU","PUI",0
2021-01-19,"All SF Hospitals","ICU","PUI",0
2021-01-20,"All SF Hospitals","ICU","PUI",0
2021-01-21,"All SF Hospitals","ICU","PUI",0
2021-01-22,"All SF Hospitals","ICU","PUI",0
2021-01-23,"All SF Hospitals","ICU","PUI",1
2021-01-24,"All SF Hospitals","ICU","PUI",0
2021-01-25,"All SF Hospitals","ICU","PUI",0
2021-01-26,"All SF Hospitals","ICU","PUI",0
2021-01-27,"All SF Hospitals","ICU","PUI",0
2021-01-28,"All SF Hospitals","ICU","PUI",0
2021-01-29,"All SF Hospitals","ICU","PUI",1
2021-01-30,"All SF Hospitals","ICU","PUI",0
2021-01-31,"All SF Hospitals","ICU","PUI",0
2021-02-01,"All SF Hospitals","ICU","PUI",1
2021-02-02,"All SF Hospitals","ICU","PUI",0
2021-02-03,"All SF Hospitals","ICU","PUI",1
2021-02-04,"All SF Hospitals","ICU","PUI",0
2021-02-05,"All SF Hospitals","ICU","PUI",0
2021-02-06,"All SF Hospitals","ICU","PUI",0
2021-02-07,"All SF Hospitals","ICU","PUI",0
2021-02-08,"All SF Hospitals","ICU","PUI",0
2021-02-09,"All SF Hospitals","ICU","PUI",0
2021-02-10,"All SF Hospitals","ICU","PUI",2
2021-02-11,"All SF Hospitals","ICU","PUI",0
2021-02-12,"All SF Hospitals","ICU","PUI",1
2021-02-13,"All SF Hospitals","ICU","PUI",0
2021-02-14,"All SF Hospitals","ICU","PUI",0
2021-02-15,"All SF Hospitals","ICU","PUI",1
2021-02-16,"All SF Hospitals","ICU","PUI",2
2021-02-17,"All SF Hospitals","ICU","PUI",1
2021-02-18,"All SF Hospitals","ICU","PUI",0
2021-02-19,"All SF Hospitals","ICU","PUI",0
2021-02-20,"All SF Hospitals","ICU","PUI",1
2021-02-21,"All SF Hospitals","ICU","PUI",0
2021-02-22,"All SF Hospitals","ICU","PUI",0
2021-02-23,"All SF Hospitals","ICU","PUI",1
2021-02-24,"All SF Hospitals","ICU","PUI",0
2021-02-25,"All SF Hospitals","ICU","PUI",1
2021-02-26,"All SF Hospitals","ICU","PUI",2
2021-02-27,"All SF Hospitals","ICU","PUI",1
2021-02-28,"All SF Hospitals","ICU","PUI",0
2021-03-01,"All SF Hospitals","ICU","PUI",0
2021-03-02,"All SF Hospitals","ICU","PUI",0
2021-03-03,"All SF Hospitals","ICU","PUI",1
2021-03-04,"All SF Hospitals","ICU","PUI",1
2021-03-05,"All SF Hospitals","ICU","PUI",1
2021-03-06,"All SF Hospitals","ICU","PUI",0
2021-03-07,"All SF Hospitals","ICU","PUI",0
2021-03-08,"All SF Hospitals","ICU","PUI",2
2021-03-09,"All SF Hospitals","ICU","PUI",0
2021-03-10,"All SF Hospitals","ICU","PUI",0
2021-03-11,"All SF Hospitals","ICU","PUI",0
2021-03-12,"All SF Hospitals","ICU","PUI",0
2021-03-13,"All SF Hospitals","ICU","PUI",1
2021-03-14,"All SF Hospitals","ICU","PUI",0
2021-03-15,"All SF Hospitals","ICU","PUI",0
2021-03-16,"All SF Hospitals","ICU","PUI",2
2021-03-17,"All SF Hospitals","ICU","PUI",0
2021-03-18,"All SF Hospitals","ICU","PUI",1
2021-03-19,"All SF Hospitals","ICU","PUI",1
2021-03-20,"All SF Hospitals","ICU","PUI",1
2021-03-21,"All SF Hospitals","ICU","PUI",1
2021-03-22,"All SF Hospitals","ICU","PUI",1
2021-03-23,"All SF Hospitals","ICU","PUI",2
2021-03-24,"All SF Hospitals","ICU","PUI",1
2021-03-25,"All SF Hospitals","ICU","PUI",0
2021-03-26,"All SF Hospitals","ICU","PUI",1
2021-03-27,"All SF Hospitals","ICU","PUI",0
2021-03-28,"All SF Hospitals","ICU","PUI",1
2021-03-29,"All SF Hospitals","ICU","PUI",1
2021-03-30,"All SF Hospitals","ICU","PUI",0
2021-03-31,"All SF Hospitals","ICU","PUI",1
2021-04-01,"All SF Hospitals","ICU","PUI",3
2021-04-02,"All SF Hospitals","ICU","PUI",0
2021-04-03,"All SF Hospitals","ICU","PUI",0
2021-04-04,"All SF Hospitals","ICU","PUI",1
2021-04-05,"All SF Hospitals","ICU","PUI",2
2021-04-06,"All SF Hospitals","ICU","PUI",2
2021-04-07,"All SF Hospitals","ICU","PUI",3
2021-04-08,"All SF Hospitals","ICU","PUI",0
2021-04-09,"All SF Hospitals","ICU","PUI",1
2021-04-10,"All SF Hospitals","ICU","PUI",1
2021-04-11,"All SF Hospitals","ICU","PUI",2
2021-04-12,"All SF Hospitals","ICU","PUI",3
2021-04-13,"All SF Hospitals","ICU","PUI",1
2021-04-14,"All SF Hospitals","ICU","PUI",3
2021-04-15,"All SF Hospitals","ICU","PUI",4
2021-04-16,"All SF Hospitals","ICU","PUI",3
2021-04-17,"All SF Hospitals","ICU","PUI",2
2021-04-18,"All SF Hospitals","ICU","PUI",2
2021-04-19,"All SF Hospitals","ICU","PUI",1
2021-04-20,"All SF Hospitals","ICU","PUI",0
2021-04-21,"All SF Hospitals","ICU","PUI",1
2021-04-22,"All SF Hospitals","ICU","PUI",1
2021-04-23,"All SF Hospitals","ICU","PUI",1
2021-04-24,"All SF Hospitals","ICU","PUI",2
2021-04-25,"All SF Hospitals","ICU","PUI",1
2021-04-26,"All SF Hospitals","ICU","PUI",4
2021-04-27,"All SF Hospitals","ICU","PUI",0
2021-04-28,"All SF Hospitals","ICU","PUI",0
2021-04-29,"All SF Hospitals","ICU","PUI",1
2021-04-30,"All SF Hospitals","ICU","PUI",0
2021-05-01,"All SF Hospitals","ICU","PUI",0
2021-05-02,"All SF Hospitals","ICU","PUI",3
2021-05-03,"All SF Hospitals","ICU","PUI",2
2021-05-04,"All SF Hospitals","ICU","PUI",0
2021-05-05,"All SF Hospitals","ICU","PUI",0
2021-05-06,"All SF Hospitals","ICU","PUI",2
2021-05-07,"All SF Hospitals","ICU","PUI",0
2021-05-08,"All SF Hospitals","ICU","PUI",3
2021-05-09,"All SF Hospitals","ICU","PUI",1
2021-05-10,"All SF Hospitals","ICU","PUI",1
2021-05-11,"All SF Hospitals","ICU","PUI",2
2021-05-12,"All SF Hospitals","ICU","PUI",2
2021-05-13,"All SF Hospitals","ICU","PUI",1
2021-05-14,"All SF Hospitals","ICU","PUI",3
2021-05-15,"All SF Hospitals","ICU","PUI",2
2021-05-16,"All SF Hospitals","ICU","PUI",2
2021-05-17,"All SF Hospitals","ICU","PUI",2
2021-05-18,"All SF Hospitals","ICU","PUI",2
2021-05-19,"All SF Hospitals","ICU","PUI",2
2021-05-20,"All SF Hospitals","ICU","PUI",2
2021-05-21,"All SF Hospitals","ICU","PUI",1
2021-05-22,"All SF Hospitals","ICU","PUI",1
2021-05-23,"All SF Hospitals","ICU","PUI",3
2021-05-24,"All SF Hospitals","ICU","PUI",1
2021-05-25,"All SF Hospitals","ICU","PUI",2
2021-05-26,"All SF Hospitals","ICU","PUI",3
2021-05-27,"All SF Hospitals","ICU","PUI",0
2021-05-28,"All SF Hospitals","ICU","PUI",0
2021-05-29,"All SF Hospitals","ICU","PUI",1
